model,scope,k,aic,rmse_to_llm,r2_to_llm,r2_to_truth,rmse_vs_truth,bias_vs_truth,aic_weight,base,LLM_model,w_img,rebased_RMSE
Combo_NonOracle,overall,0.0,-589.1342406428521,0.1403268685781262,0.6830100351075103,0.7817919438626189,0.0983510542141309,-0.0004381756033396,0.7069138752212908,base_4,google_gemini-2.5-flash-lite,3.847962747933363e-05,1.0886659362183935
Combo_Oracle,overall,0.0,-586.0530636680304,0.1417755348940392,0.6764313515886159,0.7846640788550802,0.0977016437482806,3.049412574303763e-16,0.1514598167568106,base_4,google_gemini-2.5-flash-lite,0.002976684895559331,1.0814774921448234
EmpiricalLinear,overall,2.0,-585.9188068705868,0.1399603622946504,0.6846637041013279,0.7797057373844289,0.0988200848414061,0.0013885756467439,0.1416263080218986,base_4,google_gemini-2.5-flash-lite,0.0007855545354128329,1.0938577226312358
Equal,overall,0.0,573.9344156549972,6.774155563000307,-737.7103384781875,-1036.9181471536378,6.783052552720871,1.2220702002442003,1.9598225645174368e-253,base_4,google_gemini-2.5-flash-lite,0.5,75.08285820352134
LLM(Combined),overall,,,0.0,1.0,0.8158882475059711,0.0903408942469208,-0.0254006666666666,,base_4,google_gemini-2.5-flash-lite,,1.0
Combo_NonOracle,overall,0.0,-568.0545137139234,0.0809830384990917,0.7368227192116592,0.5595210605405455,0.1395981267406699,-0.06675899542172,0.6293771109491889,base_4,meta-llama_llama-4-maverick,0.45374064893873534,1.0263508559647359
Equal,overall,0.0,-566.2447651375207,0.0816341327948557,0.7325738774892567,0.5610826950291345,0.1393504476878221,-0.0659279646017699,0.254641412322017,base_4,meta-llama_llama-4-maverick,0.5,1.0245298744528055
EmpiricalLinear,overall,2.0,-564.6719134688744,0.0807621063073274,0.7382567237122661,0.5563368902191936,0.1401017873538003,-0.067597814189251,0.1159814767287942,base_4,meta-llama_llama-4-maverick,0.4070477815835607,1.030053860535581
Combo_Oracle,overall,0.0,-488.0116529502845,0.115400845624922,0.4655854881975046,0.7042373575244415,0.1143901620502228,-3.085044510905302e-16,2.617125637467806e-18,base_4,meta-llama_llama-4-maverick,0.4221729430340506,0.8410173078632504
LLM(Combined),overall,,,0.0,1.0,0.5818487005837405,0.1360140403541168,-0.0846005309734513,,base_4,meta-llama_llama-4-maverick,,1.0
Equal,overall,0.0,-787.2085707246753,0.0712443686694892,0.8830278703582792,0.8373043091482688,0.0849596862315519,-0.0579030872483221,0.5316963827867753,base_4,openai_gpt-4o-2024-08-06,0.5,1.0354881409891439
EmpiricalLinear,overall,2.0,-786.6935299208034,0.070416054628031,0.885731983575774,0.836516626791558,0.0851651017595109,-0.0593390372435861,0.4109831497340868,base_4,openai_gpt-4o-2024-08-06,0.5689071012220077,1.0379917441992224
Combo_NonOracle,overall,0.0,-782.7537410069767,0.072317407861815,0.8794778101317313,0.8251794878481661,0.0880685951706697,-0.0615228322645353,0.0573204674790978,base_4,openai_gpt-4o-2024-08-06,0.6737011296025008,1.0733795043011247
Combo_Oracle,overall,0.0,-726.7722214611202,0.0872626312164348,0.8245158403193147,0.9100815099501044,0.0631610552593951,-1.549841537731762e-16,4.0001585928035967e-14,base_4,openai_gpt-4o-2024-08-06,0.6810150623131684,0.7698065587861689
LLM(Combined),overall,,,0.0,1.0,0.8482649921565902,0.0820479567736958,-0.0528191946308724,,base_4,openai_gpt-4o-2024-08-06,,1.0
Equal,overall,0.0,-609.1412987438162,0.1312736772294176,0.7690191766276693,0.7854462080499576,0.0975240495467656,0.0128493333333333,0.7895047063557102,base_4,qwen_qwen2.5-vl-32b-instruct,0.5,0.6289318610184932
EmpiricalLinear,overall,2.0,-605.3361735926237,0.1311884317927212,0.7693190641372775,0.7880410694491592,0.0969325167736289,0.0135463020196404,0.1177829141194212,base_4,qwen_qwen2.5-vl-32b-instruct,0.4802109969816276,0.6251170706197013
Combo_NonOracle,overall,0.0,-604.8574910901964,0.1331616284608548,0.762327563354085,0.7661820347523406,0.101808155120104,0.0101810306610072,0.0927123758571709,base_4,qwen_qwen2.5-vl-32b-instruct,0.5757610071642834,0.6565600255949381
Combo_Oracle,overall,0.0,-570.7665942704627,0.1491869122957613,0.7016802032543483,0.8425866909542775,0.0835342068604183,2.368475785867001e-17,3.667697628986393e-09,base_4,qwen_qwen2.5-vl-32b-instruct,0.859875086500698,0.5387114708996318
LLM(Combined),overall,,,0.0,1.0,0.4575883583154678,0.1550629815268621,0.0026393333333333,,base_4,qwen_qwen2.5-vl-32b-instruct,,1.0
Combo_NonOracle,overall,0.0,-894.7210417005355,0.0506709012735046,0.9514470346696356,0.9798057576933288,0.0299197121291379,-0.0160047524337422,0.8685884730673791,base_4,GPT-5 Mini,0.26864331758662086,0.5074120745791451
EmpiricalLinear,overall,2.0,-890.8855500876576,0.0506431229296657,0.9515002546140078,0.9788152149300836,0.0306447201928634,-0.0161172599404755,0.1276284926827945,base_4,GPT-5 Mini,0.2934081372727759,0.5197075754219923
Equal,overall,0.0,-883.8483554363579,0.0525410145443629,0.9477970061934816,0.9656046260842625,0.0390475371459905,-0.0170558145385456,0.0037830339396015,base_4,GPT-5 Mini,0.5,0.662211980681385
Combo_Oracle,overall,0.0,-851.2153649633934,0.0585786753781746,0.9351100267919852,0.9884380730581392,0.0226390781985272,-2.3055631478049084e-16,3.102247136700201e-10,base_4,GPT-5 Mini,0.10293255617768252,0.38393890909421574
LLM(Combined),overall,,,0.0,1.0,0.9215657103496772,0.0589653136535108,-0.0305633219133333,,base_4,GPT-5 Mini,,1.0
Combo_NonOracle,overall,0.0,-430.3531796636605,0.2382319264592652,0.0001021507923177,0.1451111403044122,0.1946697441245915,-0.0629241025538829,0.847994039257724,base_4,microsoft_phi-4-multimodal-instruct,0.22577225973164025,0.7656234545156403
EmpiricalLinear,overall,2.0,-426.8179603324588,0.2378631269041694,0.0031955770422175,0.1412428263834417,0.1951096806886794,-0.0613391175436765,0.1447870353386635,base_4,microsoft_phi-4-multimodal-instruct,0.2737759540795111,0.7673536964362807
Equal,overall,0.0,-420.8203972155015,0.2459235269603979,-0.0655059182533028,0.0163787508419587,0.2088130227931081,-0.0538696565656565,0.0072173105427906,base_4,microsoft_phi-4-multimodal-instruct,0.5,0.8212480505259823
Combo_Oracle,overall,0.0,-404.0104194414628,0.2600968029697886,-0.1918613508466831,0.2858766572115112,0.1779222425409953,2.3684757858670006e-16,1.6148608217422233e-06,base_4,microsoft_phi-4-multimodal-instruct,0.1375070732669052,0.6997566189958246
LLM(Combined),overall,,,0.0,1.0,-0.4584085406322948,0.2542630361915261,-0.1395273333333333,,base_4,microsoft_phi-4-multimodal-instruct,,1.0
EmpiricalLinear,overall,2.0,-737.7369403638846,0.0843773339999973,0.8781866122962382,0.7416826754705275,0.1070090223121623,-0.0802978198934114,0.971039485924985,base_4,mistralai_mistral-small-3.2-24b-instruct,0.3830920480476229,0.8813519457539323
Combo_NonOracle,overall,0.0,-729.5007643637383,0.0878900027944679,0.8678331986589456,0.732226511444787,0.1089500458873901,-0.0813062416558827,0.0158042538152022,base_4,mistralai_mistral-small-3.2-24b-instruct,0.2679691504564486,0.8973386809638926
Equal,overall,0.0,-729.1340015199743,0.0879975177931463,0.8675096441147437,0.7233459336182587,0.1107419478816055,-0.0792737619047618,0.0131562602598127,base_4,mistralai_mistral-small-3.2-24b-instruct,0.5,0.9120972151050142
Combo_Oracle,overall,0.0,-615.2409994278273,0.1286315283180895,0.7169010345670233,0.8743767070734323,0.0746240328891242,-2.3092638912203257e-16,2.441075928726056e-27,base_4,mistralai_mistral-small-3.2-24b-instruct,0.5190616236657994,0.6146214138371754
LLM(Combined),overall,,,0.0,1.0,0.6674516490069098,0.1214146321769607,-0.082794,,base_4,mistralai_mistral-small-3.2-24b-instruct,,1.0
Equal,overall,0.0,-758.639382420382,0.0797548326644431,0.836941772483023,0.8853403531685731,0.0712933347048189,0.0217726666666666,0.8095509923920099,base_4,anthropic_claude-3.7-sonnet,0.5,0.8924526789911263
EmpiricalLinear,overall,2.0,-754.7670250754952,0.0797209061537348,0.837080468030438,0.8829831807726195,0.0720224305743571,0.0218610689719681,0.1167810823558697,base_4,anthropic_claude-3.7-sonnet,0.5167852478420507,0.9015795288531059
Combo_Oracle,overall,0.0,-753.8426181958621,0.081040299171547,0.8316431575093214,0.9002168728254892,0.0665077390976587,-6.217248937900877e-17,0.0735597242676435,base_4,anthropic_claude-3.7-sonnet,0.34988624507329635,0.8325464109246726
Combo_NonOracle,overall,0.0,-740.7988932653408,0.0846415799544627,0.8163477625477735,0.8950502606344798,0.068207842329324,0.0207802297603255,0.000108200984477,base_4,anthropic_claude-3.7-sonnet,0.3115626127200262,0.8538283679258876
LLM(Combined),overall,,,0.0,1.0,0.8560405414222412,0.0798847226111893,-0.0012606666666666,,base_4,anthropic_claude-3.7-sonnet,,1.0
EmpiricalLinear,overall,2.0,-678.7560452194994,0.1027092103369239,0.1587343697107698,0.1671358464123157,0.1921457197027644,-0.0215915524462417,0.8925828601057005,base_4,gemma-3-4b-it,0.6293320143586909,0.938239577743508
Equal,overall,0.0,-674.4687218383515,0.1055860442845874,0.1109475050829844,0.1935613488276492,0.1890729047927755,-0.0260723322222221,0.1046328608149983,base_4,gemma-3-4b-it,0.5,0.9232351500201541
Combo_Oracle,overall,0.0,-667.1609762010811,0.1081896124175566,0.0665619595270875,0.1656124192367268,0.1923213703628632,5.9211894646675e-17,0.0027090142967496,base_4,gemma-3-4b-it,0.34358696351546125,0.9390972726295372
Combo_NonOracle,overall,0.0,-659.9943206223431,0.1108052560209501,0.0208818777428686,0.1959822859895716,0.1887888920735594,-0.0292019391263218,7.526478255148862e-05,base_4,gemma-3-4b-it,0.4096678736081137,0.9218483276950806
LLM(Combined),overall,,,0.0,1.0,0.0538790203200111,0.2047938759574395,-0.0179273332666666,,base_4,gemma-3-4b-it,,1.0
Equal,overall,0.0,-684.9088053995494,0.1019748207687549,0.7461906933263974,0.7092103695763252,0.1135358686219017,-0.078486037037037,0.5992464135731818,base_3,google_gemini-2.5-flash-lite,0.5,0.7972371268124303
Combo_NonOracle,overall,0.0,-683.5124660244668,0.1024505652695746,0.7438169691949246,0.7239664551186078,0.1106176837844508,-0.0767041180201575,0.2981221199038895,base_3,google_gemini-2.5-flash-lite,0.4615545308521083,0.7767459347023437
EmpiricalLinear,overall,2.0,-681.3797487766207,0.1018148651301053,0.7469863091197448,0.6929254394522879,0.116671706114221,-0.0802753436488293,0.1026314665229286,base_3,google_gemini-2.5-flash-lite,0.5386048588561833,0.8192566533538872
Combo_Oracle,overall,0.0,-591.9919531885081,0.1389965021364232,0.5284482248984734,0.8772119841973414,0.0737771067515805,2.0872192862952942e-16,3.989949031698061e-21,base_3,google_gemini-2.5-flash-lite,0.1664888468318789,0.5180552130801922
LLM(Combined),overall,,,0.0,1.0,0.542486530113484,0.1424116674995416,-0.0868673333333333,,base_3,google_gemini-2.5-flash-lite,,1.0
Combo_NonOracle,overall,0.0,-762.5955873530759,0.0631004428941253,0.8294536524756981,0.5095744910855878,0.1485290534063305,-0.0954487590652066,0.6017167941378049,base_3,meta-llama_llama-4-maverick,0.1387733886503708,1.025444855397891
EmpiricalLinear,overall,2.0,-761.7703402166158,0.0623787742137188,0.8333323620841763,0.4873191450200623,0.1518617630306602,-0.0993596538412439,0.398283205862195,base_3,meta-llama_llama-4-maverick,0.07228185353456076,1.0484538887178212
Equal,overall,0.0,-672.6943899257249,0.087396633594391,0.6728348643995015,0.5601306927574466,0.1406652159173227,-0.0742021557971014,1.80965235941342e-20,base_3,meta-llama_llama-4-maverick,0.5,0.9711529070426582
Combo_Oracle,overall,0.0,-572.5024303914711,0.125646336963342,0.3237967222247239,0.7734093787334666,0.1009591888541869,-2.0595441616234786e-16,3.170936718234017e-42,base_3,meta-llama_llama-4-maverick,0.19916198066933574,0.6970224238381738
LLM(Combined),overall,,,0.0,1.0,0.5336108588911476,0.1448435307120426,-0.105563115942029,,base_3,meta-llama_llama-4-maverick,,1.0
EmpiricalLinear,overall,2.0,-770.9940836171485,0.0716448289619989,0.8191741154210548,0.8934416741519001,0.0686087010048707,-0.0333174736755629,0.6570535357798098,base_3,openai_gpt-4o-2024-08-06,0.6411464446112947,0.8742302245668568
Combo_Oracle,overall,0.0,-769.5279262574018,0.072989336332622,0.812323572703392,0.9161165679384644,0.0608728447564537,1.6011379674866204e-16,0.3156666717106206,base_3,openai_gpt-4o-2024-08-06,0.6756527495065702,0.7756578970600236
Equal,overall,0.0,-764.6308445971486,0.0742152825452096,0.8059661110205413,0.8635999439085471,0.0776234206319989,-0.0456135374149659,0.0272797860545701,base_3,openai_gpt-4o-2024-08-06,0.5,0.9890981676790876
Combo_NonOracle,overall,0.0,-734.1172413568665,0.0823318358161956,0.761204303129795,0.8114533501383079,0.0912630360812962,-0.0590776418225515,6.454999379640728e-09,base_3,openai_gpt-4o-2024-08-06,0.3454456233082086,1.1628977572733903
LLM(Combined),overall,,,0.0,1.0,0.8605765727240845,0.0784789853712314,-0.029130544217687,,base_3,openai_gpt-4o-2024-08-06,,1.0
Combo_NonOracle,overall,0.0,-704.5078510416675,0.0955257433901114,0.8074990412582961,0.8214025289531551,0.0889777217708144,-0.0208195861199374,0.8735408600179722,base_3,qwen_qwen2.5-vl-32b-instruct,0.31971563939127984,0.7762048194320309
EmpiricalLinear,overall,2.0,-700.6385178376557,0.0954841456404283,0.8076666581312053,0.8158408919553085,0.0903525118315551,-0.0217193457784546,0.1262025686656316,base_3,qwen_qwen2.5-vl-32b-instruct,0.30256647182106733,0.7881979189362285
Equal,overall,0.0,-688.2420439832247,0.1008480705483914,0.78545063582045,0.8581772573589459,0.0792896624619712,-0.0113606666666666,0.0002565713145991,base_3,qwen_qwen2.5-vl-32b-instruct,0.5,0.6916901996282447
Combo_Oracle,overall,0.0,-650.6884961830984,0.114296234357027,0.7244148009368795,0.8720114004731772,0.0753232885482512,-1.1546319456101628e-16,1.7970443966799348e-12,base_3,qwen_qwen2.5-vl-32b-instruct,0.7983005232908189,0.6570891951719945
LLM(Combined),overall,,,0.0,1.0,0.7035696716406807,0.1146317563912083,-0.0680273333333333,,base_3,qwen_qwen2.5-vl-32b-instruct,,1.0
Equal,overall,0.0,-938.6804977439484,0.043764381826229,0.952811028632132,0.9390154385999934,0.0519940421068615,-0.020428753150351,0.879464087722459,base_3,GPT-5 Mini,0.5,0.7408214361616142
EmpiricalLinear,overall,2.0,-934.7057677512254,0.0437606955606585,0.9528189777335369,0.940248872138314,0.0514655576516165,-0.0203218397854509,0.1205359121144367,base_3,GPT-5 Mini,0.49370992785864526,0.7332914847045024
Combo_NonOracle,overall,0.0,-893.8641195955254,0.0508158449019495,0.9363794798429422,0.9809561034875168,0.029055043874501,-0.0154599452389638,1.6310423802021522e-10,base_3,GPT-5 Mini,0.20766835139492124,0.4139820344532514
Combo_Oracle,overall,0.0,-805.909179956345,0.0681282082659469,0.8856456081608824,0.9951657272234706,0.0146389256561158,9.251858538542969e-18,1.29805404530069e-29,base_3,GPT-5 Mini,0.011305876903296777,0.2085783195339538
LLM(Combined),overall,,,0.0,1.0,0.8888798487631282,0.0701843110483627,-0.0361685333333333,,base_3,GPT-5 Mini,,1.0
EmpiricalLinear,overall,2.0,-565.8464851475708,0.1496451754868568,0.427823240481584,0.1109065083831474,0.1985259782647825,-0.0984233201747197,0.9115885764615098,base_3,microsoft_phi-4-multimodal-instruct,0.19938686859530722,0.9086608545512774
Combo_NonOracle,overall,0.0,-561.1801096006626,0.1540311590784404,0.3937916124750027,0.0985611671981996,0.1998995243205878,-0.1077055399567015,0.0884114063592473,base_3,microsoft_phi-4-multimodal-instruct,0.06595773900285239,0.9149476264072456
Equal,overall,0.0,-530.2724901534624,0.1707465531618915,0.2550816633887808,-0.0814856382544855,0.2189545666114319,-0.0775106666666666,1.7179242556357153e-08,base_3,microsoft_phi-4-multimodal-instruct,0.5,1.0021632702380794
Combo_Oracle,overall,0.0,-493.3842532227742,0.1930870457658803,0.0473989633200536,0.3575828333046826,0.1687532703630418,7.105427357601002e-17,1.6781282115924667e-16,base_3,microsoft_phi-4-multimodal-instruct,0.035263538129170914,0.7723900529123143
LLM(Combined),overall,,,0.0,1.0,-0.0768216863991759,0.2184819311522122,-0.1111939999999999,,base_3,microsoft_phi-4-multimodal-instruct,,1.0
EmpiricalLinear,overall,2.0,-775.3030422296364,0.0744463306233805,0.8897663773341188,0.7557014910763525,0.1040648439505698,-0.0685332866200431,0.7970814210020394,base_3,mistralai_mistral-small-3.2-24b-instruct,0.38272319637376284,0.9447998701956718
Combo_NonOracle,overall,0.0,-771.984027425447,0.0762849131047897,0.8842543179599376,0.7298977901166412,0.1094227683160471,-0.0750630977533599,0.1516309231285082,base_3,mistralai_mistral-small-3.2-24b-instruct,0.2800893270408286,0.9934442159021399
Equal,overall,0.0,-769.8160287575818,0.076838195188304,0.882569260052578,0.7698801019217598,0.1009998469531406,-0.0610718571428571,0.0512876558694525,base_3,mistralai_mistral-small-3.2-24b-instruct,0.5,0.9169729052439276
Combo_Oracle,overall,0.0,-649.4498991394727,0.1147690997614259,0.7380143904816694,0.8528950121071117,0.0807527513998631,-5.625129991434127e-17,3.7397269946967206e-28,base_3,mistralai_mistral-small-3.2-24b-instruct,0.4320613625332233,0.733150467959898
LLM(Combined),overall,,,0.0,1.0,0.7263211940398032,0.1101448541996704,-0.0807606666666666,,base_3,mistralai_mistral-small-3.2-24b-instruct,,1.0
EmpiricalLinear,overall,2.0,-881.4974869512721,0.0522529834617622,0.9340733406227344,0.9124132875246171,0.062310716046186,0.0026950675832671,0.9958954639023536,base_3,anthropic_claude-3.7-sonnet,0.26084555640042156,0.9160573188646327
Combo_NonOracle,overall,0.0,-870.5142517844096,0.0549289815439179,0.9271479161363958,0.923070489782089,0.0583969429903765,-0.0014370689397633,0.0041042569383687,base_3,anthropic_claude-3.7-sonnet,0.13486578435681004,0.8585192149935099
Combo_Oracle,overall,0.0,-851.3209049621286,0.0585580710249357,0.9172034178127372,0.923152396218614,0.0583658472554609,3.5083047578154953e-16,2.789023887647653e-07,base_3,anthropic_claude-3.7-sonnet,0.0683910833763872,0.8580620628796777
Equal,overall,0.0,-837.3409585489993,0.0613514466007118,0.9091157766705596,0.8565821290368361,0.0797343144867168,0.0105393333333333,2.5688896069164986e-10,base_3,anthropic_claude-3.7-sonnet,0.5,1.1722093242528553
LLM(Combined),overall,,,0.0,1.0,0.8956258557287903,0.0680205427793692,-0.0086606666666666,,base_3,anthropic_claude-3.7-sonnet,,1.0
Combo_Oracle,overall,0.0,-587.0056689211062,0.1413260618247003,0.064899971566357,0.2283912712228749,0.184944829881901,0.0,0.5025720443240232,base_3,gemma-3-4b-it,0.0939716494582457,0.7895063088586936
EmpiricalLinear,overall,2.0,-586.8559638809429,0.1395238283686805,0.0885972713082445,0.1600879177295414,0.1929570023201882,-0.0505660845202499,0.4663267092863115,base_3,gemma-3-4b-it,0.024180149300392237,0.8237092692319617
Combo_NonOracle,overall,0.0,-581.4406867086556,0.1439721181105086,0.0295563022566263,0.1214001489488746,0.1973509366011978,-0.0474163263291185,0.0311012463896652,base_3,gemma-3-4b-it,0.15275337009222031,0.842466424205057
Equal,overall,0.0,-495.5908926064202,0.1916720113312786,-0.720009938466867,-0.2674228925901423,0.237030592874672,-0.0389095555555555,7.091398125964976e-21,base_3,gemma-3-4b-it,0.5,1.0118539057651355
LLM(Combined),overall,,,0.0,1.0,-0.2379010246409778,0.2342537707510613,-0.0514297777999999,,base_3,gemma-3-4b-it,,1.0
Equal,overall,0.0,-706.1150475751049,0.0950153496371331,0.8376820101054729,0.7885278388699671,0.0968211487227867,-0.026054,0.663895318604215,base_2,google_gemini-2.5-flash-lite,0.5,0.7458799976714051
Combo_NonOracle,overall,0.0,-704.1128811003776,0.0956515922069747,0.8355009017638179,0.8240974942146626,0.0883038506656925,-0.0237692355328682,0.2439690192585196,base_2,google_gemini-2.5-flash-lite,0.4103310648692425,0.6802653841412422
EmpiricalLinear,overall,2.0,-702.1653227651373,0.0949994279220841,0.8377364047745461,0.7937649645134255,0.0956147408023044,-0.025745703907314,0.0921356621372651,base_2,google_gemini-2.5-flash-lite,0.4879004673200183,0.7365862065029438
Combo_Oracle,overall,0.0,-635.7609770494439,0.1201273009954569,0.7405446960329694,0.9093392867290476,0.0633947356123636,2.1464311809419693e-17,3.506770156218377e-16,base_2,google_gemini-2.5-flash-lite,0.02868603817351306,0.4883733138336613
LLM(Combined),overall,,,0.0,1.0,0.6198847601698416,0.1298079436706398,-0.046794,,base_2,google_gemini-2.5-flash-lite,,1.0
Combo_NonOracle,overall,0.0,-729.512666468435,0.0711359933182656,0.8288855580731218,0.6395328710549426,0.1280131267209534,-0.0724268052695555,0.8050328615185113,base_2,meta-llama_llama-4-maverick,0.20570311432365115,1.187996267966983
EmpiricalLinear,overall,2.0,-726.6765620556893,0.0708366435343883,0.8303226728740525,0.6272575039540668,0.1301745623280926,-0.0750628752048701,0.1949671127886891,base_2,meta-llama_llama-4-maverick,0.14567379896500296,1.2080549721054237
Equal,overall,0.0,-694.9923007273966,0.0806135889576793,0.7802522798943152,0.6726605835747825,0.1219890427842611,-0.0595033333333333,2.56927997118385e-08,base_2,meta-llama_llama-4-maverick,0.5,1.132091147781063
Combo_Oracle,overall,0.0,-651.2020901362052,0.0944742599687188,0.6981891404742386,0.8545060210259641,0.0813287658831719,1.8342815189459108e-16,7.959540938442513e-18,base_2,meta-llama_llama-4-maverick,0.3031105400049473,0.7547528352946171
LLM(Combined),overall,,,0.0,1.0,0.7445914010129078,0.1077554956801524,-0.066097536231884,,base_2,meta-llama_llama-4-maverick,,1.0
Combo_NonOracle,overall,0.0,-851.0265263218329,0.056411083935389,0.9349670307018052,0.8118289637150401,0.0917291817781778,-0.0619207928232299,0.537671627113604,base_2,openai_gpt-4o-2024-08-06,0.5577062867217956,1.1155171636418284
Equal,overall,0.0,-850.381258059901,0.0565341919979835,0.9346828731112714,0.8082029298376906,0.0926087699133557,-0.0616517567567567,0.3894026445755721,base_2,openai_gpt-4o-2024-08-06,0.5,1.1262138213761077
EmpiricalLinear,overall,2.0,-847.0309132968988,0.0564102478807104,0.9349689583625248,0.811579606155947,0.0917899397794934,-0.0619003849796747,0.0729257283108238,base_2,openai_gpt-4o-2024-08-06,0.5533289521621154,1.1162560407579465
Combo_Oracle,overall,0.0,-760.8650650023327,0.0764980457251226,0.8804071060774281,0.92003245526145,0.0597981863574601,3.91578661388062e-16,1.419726058482818e-20,base_2,openai_gpt-4o-2024-08-06,0.9903522351014308,0.7272048212280966
LLM(Combined),overall,,,0.0,1.0,0.8487831235621134,0.0822301841405197,-0.0462125675675675,,base_2,openai_gpt-4o-2024-08-06,,1.0
Equal,overall,0.0,-768.0633387809384,0.0772884208662591,0.9065669894951276,0.8488288779308638,0.0818611888503948,-0.0200606666666666,0.8776868590624626,base_2,qwen_qwen2.5-vl-32b-instruct,0.5,0.6994854345452975
EmpiricalLinear,overall,2.0,-764.0820721280446,0.0772835947808898,0.9065786575199568,0.8480735877116412,0.0820654339415561,-0.0199000434379525,0.11989981883012,base_2,qwen_qwen2.5-vl-32b-instruct,0.5045118884470244,0.7012306628806179
Combo_NonOracle,overall,0.0,-756.2707675581865,0.0803870200009576,0.8989250970023279,0.8568105563154963,0.0796707911947126,-0.0240138915914657,0.0024133221074151,base_2,qwen_qwen2.5-vl-32b-instruct,0.38895435604497075,0.6807689795618261
Combo_Oracle,overall,0.0,-700.9573214452583,0.0966630165827875,0.8538522402095012,0.893928777628643,0.0685713052085916,-2.183438615096141e-16,2.352085368619774e-15,base_2,qwen_qwen2.5-vl-32b-instruct,0.8340235926957447,0.5859263699288262
LLM(Combined),overall,,,0.0,1.0,0.6910334343028153,0.1170305839228931,-0.0257939999999999,,base_2,qwen_qwen2.5-vl-32b-instruct,,1.0
Combo_NonOracle,overall,0.0,-925.1921591030468,0.0457769832222291,0.9582003587444928,0.9904793202952652,0.0205436499615421,-0.0122933676806233,0.5647040734515528,base_2,GPT-5 Mini,0.16166165676353764,0.4004421909465781
EmpiricalLinear,overall,2.0,-924.669767794143,0.0452493989004974,0.9591582966979164,0.986470592393477,0.0244896748919733,-0.0119581613894962,0.4348956754090424,base_2,GPT-5 Mini,0.2632570281374673,0.4773591395720537
Equal,overall,0.0,-910.6882252953984,0.0480445094335051,0.9539567740791476,0.9687222000994128,0.0372358890554536,-0.0111770457493321,0.0004002503415786,base_2,GPT-5 Mini,0.5,0.7258116752924988
Combo_Oracle,overall,0.0,-884.4368050841672,0.0524380564151139,0.945150662002161,0.9963294161201698,0.0127559029297571,7.290464528371861e-17,7.978261029806424e-10,base_2,GPT-5 Mini,0.025323900316177872,0.24864139168336852
LLM(Combined),overall,,,0.0,1.0,0.9406270952087136,0.051302411249375,-0.0257733333333333,,base_2,GPT-5 Mini,,1.0
EmpiricalLinear,overall,2.0,-526.6728888756091,0.1705188161660368,0.4502726684536464,0.0829028360057163,0.2016282145600329,-0.1245273333333333,0.8071470450918558,base_2,microsoft_phi-4-multimodal-instruct,0.0,0.7834480858710088
Combo_NonOracle,overall,0.0,-523.8097331619475,0.1744647708636535,0.4245359459104684,0.1906611682360278,0.1894125793925078,-0.1176074503480109,0.1928529549081443,base_2,microsoft_phi-4-multimodal-instruct,0.08971326255819856,0.7359829232667611
Equal,overall,0.0,-450.4603683761793,0.2227880158356817,0.0616035341864901,0.3908669508806759,0.1643235129452467,-0.0859606666666666,2.2783167798778584e-17,base_2,microsoft_phi-4-multimodal-instruct,0.5,0.638496660606111
Combo_Oracle,overall,0.0,-422.905602517984,0.2442201169428859,-0.1276273006167008,0.5419407000588521,0.1424965933025477,1.2434497875801754e-16,2.3668608581428378e-23,base_2,microsoft_phi-4-multimodal-instruct,0.4752153784895784,0.5536858197629938
LLM(Combined),overall,,,0.0,1.0,-0.4941524208503183,0.2573600193762297,-0.1560606666666666,,base_2,microsoft_phi-4-multimodal-instruct,,1.0
Combo_NonOracle,overall,0.0,-754.4371886457134,0.0808798443364346,0.8936809830844118,0.6860364143096325,0.1179731754588166,-0.0934847056889305,0.7723326030200565,base_2,mistralai_mistral-small-3.2-24b-instruct,0.29442341335833694,0.8848357360400457
EmpiricalLinear,overall,2.0,-751.9753031926756,0.0804662306673154,0.8947656181146467,0.6773558758621812,0.1195929308853637,-0.0935703232105213,0.2255343698808403,base_2,mistralai_mistral-small-3.2-24b-instruct,0.34579392631285094,0.8969844086470147
Equal,overall,0.0,-742.653442353569,0.0841199540339072,0.8849919096773261,0.6332134822170007,0.1275117807890706,-0.0938273333333333,0.0021330270991031,base_2,mistralai_mistral-small-3.2-24b-instruct,0.5,0.956378261155318
Combo_Oracle,overall,0.0,-607.0119430915997,0.1322087529737752,0.7159133951437721,0.8878823655874772,0.0704986161580808,-1.8947806286936006e-16,7.495818284162193e-33,base_2,mistralai_mistral-small-3.2-24b-instruct,0.20099865773174314,0.5287616839627776
LLM(Combined),overall,,,0.0,1.0,0.5989911365470111,0.1333277699505995,-0.0920606666666666,,base_2,mistralai_mistral-small-3.2-24b-instruct,,1.0
EmpiricalLinear,overall,2.0,-893.6444145354036,0.0501795327959631,0.9448997053019562,0.9505681757391028,0.046810895388394,-0.0054546313550644,0.9548274982236648,base_2,anthropic_claude-3.7-sonnet,0.2828250399489959,1.0416289048659306
Combo_NonOracle,overall,0.0,-886.8707362095919,0.0520143421657299,0.9407965636436072,0.9474568602817928,0.0482615915123189,-0.0067667596301869,0.0322878671983019,base_2,anthropic_claude-3.7-sonnet,0.11460346621534898,1.0739095737640478
Combo_Oracle,overall,0.0,-884.856496801399,0.0523647483118989,0.9399962026436312,0.9514724192648985,0.0463807694869043,-1.3322676295501878e-17,0.011793774730291,base_2,anthropic_claude-3.7-sonnet,0.2574974674468942,1.032057808906201
Equal,overall,0.0,-880.0952856201399,0.0532024435529045,0.9380610478404218,0.9420741974031596,0.0506733549971448,-0.0037606666666666,0.001090859847742,base_2,anthropic_claude-3.7-sonnet,0.5,1.1275757670007123
LLM(Combined),overall,,,0.0,1.0,0.9544403276237116,0.0449400887107862,-0.0167273333333333,,base_2,anthropic_claude-3.7-sonnet,,1.0
Combo_Oracle,overall,0.0,-685.9532374608649,0.1016204188004503,0.1700518214973161,0.5695268795355151,0.1381391083514974,-2.753353101070388e-16,0.825025708335322,base_2,gemma-3-4b-it,0.657059388074041,0.7615119760419006
Combo_NonOracle,overall,0.0,-682.1304765160202,0.1029236060164565,0.1486287062749601,0.5673453008316982,0.1384887010119888,-0.0074307909546048,0.1220015897084355,base_2,gemma-3-4b-it,0.5711325202235,0.7634391565549175
Equal,overall,0.0,-679.6695109780145,0.1037713833385678,0.1345455253351926,0.5580719604637968,0.1399649869550715,-0.0116939999999999,0.0356429476724888,base_2,gemma-3-4b-it,0.5,0.7715773980647673
EmpiricalLinear,overall,2.0,-678.2272582158555,0.1028904076332564,0.1491778435078301,0.5687777641990173,0.1382592519081901,-0.0064064665884094,0.0173297542837536,base_2,gemma-3-4b-it,0.5882235830632465,0.7621742849155974
LLM(Combined),overall,,,0.0,1.0,0.2576776047897318,0.1814010976813536,0.0243393333333333,,base_2,gemma-3-4b-it,,1.0
Equal,overall,0.0,-725.3769193300891,0.0891064938454143,0.8281384549312323,0.7805310416218403,0.0986348027496643,-0.062186037037037,0.7599816032948257,base_5,google_gemini-2.5-flash-lite,0.5,0.7393579499145864
EmpiricalLinear,overall,2.0,-723.0717618808969,0.0886045082337042,0.8300693807341678,0.7605592228472517,0.1030250148747784,-0.0629916962644798,0.2400183796297307,base_5,google_gemini-2.5-flash-lite,0.5585965550762507,0.7722666002694994
Combo_NonOracle,overall,0.0,-690.1545925401498,0.100207192795957,0.7826509266382842,0.8200831432903147,0.0893057776828587,-0.0589992250222434,1.7075443688270102e-08,base_5,google_gemini-2.5-flash-lite,0.2682193669708144,0.6694283849353666
Combo_Oracle,overall,0.0,-634.2763553026695,0.1207232530630552,0.6845417714182536,0.8895429310885198,0.0699745938657816,2.575717417130363e-16,1.2547781624676428e-20,base_5,google_gemini-2.5-flash-lite,0.22612865636172863,0.524523503108908
LLM(Combined),overall,,,0.0,1.0,0.5985202837759819,0.1334060217531427,-0.061454,,base_5,google_gemini-2.5-flash-lite,,1.0
EmpiricalLinear,overall,2.0,-737.5247483913827,0.0694356253126329,0.8169240519719536,0.4591907589119801,0.1554369228533988,-0.1032907963478688,0.9998223397118092,base_5,meta-llama_llama-4-maverick,0.10160700152901296,1.0590964786080221
Combo_NonOracle,overall,0.0,-720.2538290945715,0.0749569663636231,0.7866510091286198,0.4318025099472126,0.1593242172598433,-0.1036797097544756,0.0001776602881906,base_5,meta-llama_llama-4-maverick,0.2742503979947682,1.0855832344032394
Equal,overall,0.0,-653.738165968993,0.0952189657813475,0.6557186399081267,0.3421421385922992,0.1714344792228561,-0.1041882553956834,6.3958406433982415e-19,base_5,meta-llama_llama-4-maverick,0.5,1.1680986082577798
Combo_Oracle,overall,0.0,-566.7671130104221,0.1301938712186273,0.3563531160707803,0.7608605615305263,0.1033612470936391,-1.7252386569714664e-16,8.324792971107181e-38,base_5,meta-llama_llama-4-maverick,0.10009876808054337,0.7042698144806535
LLM(Combined),overall,,,0.0,1.0,0.5178601195014969,0.1467637047171478,-0.1088397841726618,,base_5,meta-llama_llama-4-maverick,,1.0
Equal,overall,0.0,-753.4840101688768,0.08113722943261,0.8550018178230057,0.7223056659719009,0.1109499570677399,-0.0735473333333333,0.8695588910938892,base_5,openai_gpt-4o-2024-08-06,0.5,1.1431686425034029
EmpiricalLinear,overall,2.0,-749.689881710816,0.0810815690444958,0.855200687981752,0.7226730282241739,0.110876544847857,-0.0740513476659227,0.1304411063168106,base_5,openai_gpt-4o-2024-08-06,0.47867959676017613,1.142412242501414
Combo_NonOracle,overall,0.0,-714.2197807489333,0.0924827995509859,0.8116159430539518,0.6804560210922554,0.1190169861563677,-0.0815128076898149,2.5892853456895006e-09,base_5,openai_gpt-4o-2024-08-06,0.16305100014883148,1.226286968422643
Combo_Oracle,overall,0.0,-690.056394611653,0.1002399986272853,0.778688330762774,0.8560790783009076,0.0798740296218436,1.4802973661668754e-17,1.4661124497327614e-14,base_5,openai_gpt-4o-2024-08-06,0.44051032276348195,0.8229790116847997
LLM(Combined),overall,,,0.0,1.0,0.7875061268869754,0.0970547589765695,-0.060194,,base_5,openai_gpt-4o-2024-08-06,,1.0
EmpiricalLinear,overall,2.0,-704.2283673334455,0.094348375558577,0.7862673111127951,0.6629004759842535,0.122242633894952,-0.0372864395489296,0.843167492553434,base_5,qwen_qwen2.5-vl-32b-instruct,0.01056908766564815,1.0205326892365734
Combo_NonOracle,overall,0.0,-700.8643923595665,0.0966929639066844,0.7755126667878547,0.6921094005656347,0.1168266285531949,-0.0342894823846062,0.1568324656196454,base_5,qwen_qwen2.5-vl-32b-instruct,0.113557306370918,0.9753176090290184
Combo_Oracle,overall,0.0,-670.5900952937086,0.1069600030482583,0.7253086975793659,0.7110219888091535,0.1131816518688085,-1.7763568394002505e-17,4.1826920472102636e-08,base_5,qwen_qwen2.5-vl-32b-instruct,0.21442550107562677,0.9448878175610267
Equal,overall,0.0,-594.3596793010646,0.137903801011188,0.5433803796035828,0.6215292091790021,0.1295268527114487,-0.0230439999999999,1.1701226369865543e-24,base_5,qwen_qwen2.5-vl-32b-instruct,0.5,1.08134439772917
LLM(Combined),overall,,,0.0,1.0,0.6763286207216386,0.1197831634245814,-0.039594,,base_5,qwen_qwen2.5-vl-32b-instruct,,1.0
Equal,overall,0.0,-837.0976169368871,0.0614012313222235,0.91096875736807,0.9480012602791572,0.0480109211053089,-0.023828753150351,0.8633663123074085,base_5,GPT-5 Mini,0.5,0.5991494902957143
EmpiricalLinear,overall,2.0,-833.4105431700496,0.0613372178603991,0.9111542985077984,0.9422340046696288,0.0506034072111494,-0.0246658153703775,0.1366335031165873,base_5,GPT-5 Mini,0.5351748783112682,0.6315022694791427
Combo_NonOracle,overall,0.0,-806.3810403433021,0.0680211358176924,0.8907362672527649,0.9850882056971328,0.0257103850768057,-0.015884879602091,1.8457600429492402e-07,base_5,GPT-5 Mini,0.1661839721170422,0.32085125132855047
Combo_Oracle,overall,0.0,-760.1461648844358,0.0793552596760473,0.8512901593136126,0.995144791592446,0.0146705895760362,1.136128228533077e-16,1.6842230180462966e-17,base_5,GPT-5 Mini,0.0038879938966732597,0.18308076713503735
LLM(Combined),overall,,,0.0,1.0,0.855148689236669,0.0801317899504726,-0.0325225999999999,,base_5,GPT-5 Mini,,1.0
Combo_NonOracle,overall,0.0,-527.1000931969799,0.1725617197808468,0.2358657616637967,0.1346753390215258,0.1958543264586577,-0.1056457197779647,0.8108538346221051,base_5,microsoft_phi-4-multimodal-instruct,0.06889409556513168,0.8471600979050196
EmpiricalLinear,overall,2.0,-524.1889577340601,0.1719365339145974,0.2413926019511528,0.1716977163970393,0.1916187746028329,-0.1006549277499454,0.1891461653543814,base_5,microsoft_phi-4-multimodal-instruct,0.12061214766895936,0.8288393868452119
Equal,overall,0.0,-478.5722227065576,0.20285968570254,-0.0560202233399196,0.1461897219391231,0.1945469015601807,-0.0640439999999999,2.3509824580229398e-11,base_5,microsoft_phi-4-multimodal-instruct,0.5,0.8415048835167328
Combo_Oracle,overall,0.0,-460.9989096385707,0.2150976792059284,-0.1872773640528753,0.3712044131059142,0.1669545931894286,-6.513308411134252e-17,3.591310386318896e-15,base_5,microsoft_phi-4-multimodal-instruct,0.1903200323805799,0.7221554512961174
LLM(Combined),overall,,,0.0,1.0,-0.2057245316497804,0.2311892721847909,-0.134394,,base_5,microsoft_phi-4-multimodal-instruct,,1.0
Equal,overall,0.0,-771.4346873966572,0.0764247289310002,0.9110157366263864,0.7867171068227821,0.0972347811021673,-0.0539385238095238,0.8598201841427855,base_5,mistralai_mistral-small-3.2-24b-instruct,0.5,0.8410590884670377
EmpiricalLinear,overall,2.0,-767.807092060686,0.0763299180381865,0.9112363836445304,0.784981365939385,0.0976296378864908,-0.052464596578192,0.1401797617112703,base_5,mistralai_mistral-small-3.2-24b-instruct,0.5189234208966148,0.8444745112543757
Combo_NonOracle,overall,0.0,-738.2735858653443,0.0853570738270292,0.8889996284821667,0.7727602180341355,0.1003658139812994,-0.06726125841598,5.414594421078025e-08,base_5,mistralai_mistral-small-3.2-24b-instruct,0.32895240070700055,0.868141821923456
Combo_Oracle,overall,0.0,-633.084893070215,0.1212036637389292,0.7761913377712824,0.8755395596972848,0.0742778450879299,-8.881784197001254e-18,7.800662919719028e-31,base_5,mistralai_mistral-small-3.2-24b-instruct,0.5059944140897021,0.6424867313405994
LLM(Combined),overall,,,0.0,1.0,0.6984891069868729,0.1156099285240386,-0.0657273333333333,,base_5,mistralai_mistral-small-3.2-24b-instruct,,1.0
Combo_NonOracle,overall,0.0,-845.5993055978566,0.0596856084500117,0.9244087824335818,0.9345416911483848,0.053867400686517,-0.0046690645829927,0.6865245989660407,base_5,anthropic_claude-3.7-sonnet,0.26285340081041975,0.9169691851586345
EmpiricalLinear,overall,2.0,-844.0247857941351,0.0592049997084818,0.9256212532772532,0.9317505997309516,0.0550038449164331,-0.0043693601821135,0.3124305345852914,base_5,anthropic_claude-3.7-sonnet,0.3289646657102563,0.9363145466612034
Equal,overall,0.0,-832.4919194526165,0.0623511560972743,0.91750623778178,0.9125678689089765,0.0622557058161472,-0.0035939999999999,0.0009781903307921,base_5,anthropic_claude-3.7-sonnet,0.5,1.0597608777510017
Combo_Oracle,overall,0.0,-827.1202045978259,0.0634776534759963,0.9144984834356372,0.9332042376407385,0.054414931232,1.8355687340469255e-16,6.667611787568082e-05,base_5,anthropic_claude-3.7-sonnet,0.20726785730275735,0.9262896393060848
LLM(Combined),overall,,,0.0,1.0,0.9221505949160996,0.0587450500609767,-0.0161273333333333,,base_5,anthropic_claude-3.7-sonnet,,1.0
Combo_NonOracle,overall,0.0,-553.2739731806565,0.1581444256178127,-0.1629834535340923,0.1806939823655038,0.1905753392411557,-0.0473092759332779,0.830147428668392,base_5,gemma-3-4b-it,0.15543124820755053,0.8076824982051546
EmpiricalLinear,overall,2.0,-549.473465440467,0.1580392986122458,-0.1614377736173402,0.1808293686157817,0.1905595927764701,-0.047978919087859,0.1241324871303689,base_5,gemma-3-4b-it,0.1283907403502699,0.807615762687402
Combo_Oracle,overall,0.0,-547.4758399257718,0.1612306280836544,-0.2088178127178372,0.2265539250315138,0.1851648932508336,0.0,0.0457200385671174,base_5,gemma-3-4b-it,0.018436542457175614,0.784752340760504
Equal,overall,0.0,-519.8410568827426,0.1767880851104989,-0.4533551131549258,0.0476593426527138,0.205465917591828,-0.0387762222222222,4.56341216696611e-08,base_5,gemma-3-4b-it,0.5,0.870790660939535
LLM(Combined),overall,,,0.0,1.0,-0.2559281661937995,0.2359532856842328,-0.0527317777777777,,base_5,gemma-3-4b-it,,1.0
Equal,overall,0.0,-1344.564897784785,0.1063583212541454,0.7538423819353329,0.7786281587183275,0.0989402247150604,-0.063383,0.8732468710225304,base_7,google_gemini-2.5-flash-lite,0.5,0.6673846112221842
EmpiricalLinear,overall,2.0,-1340.704722484148,0.1063335382748257,0.7539570849192222,0.7813824931010926,0.0983227852066233,-0.0636826629078765,0.1267391009509523,base_7,google_gemini-2.5-flash-lite,0.48628963361858324,0.6632197770763326
Combo_NonOracle,overall,0.0,-1322.487065070912,0.1103448178414579,0.7350437202457445,0.7955651968213452,0.0950799883755746,-0.0675306400630622,1.402802651726126e-05,base_7,google_gemini-2.5-flash-lite,0.31023455560184765,0.6413460375675064
Combo_Oracle,overall,0.0,-1150.8444724822084,0.1468895814833649,0.5304819206159201,0.8893242964910995,0.0699580747798399,1.4951003398285442e-16,7.503798575154646e-43,base_7,google_gemini-2.5-flash-lite,0.24779686572466395,0.4718904032536433
LLM(Combined),overall,,,0.0,1.0,0.5029844224137932,0.1482506834160751,-0.098118,,base_7,google_gemini-2.5-flash-lite,,1.0
Combo_NonOracle,overall,0.0,-1375.0938167447391,0.0926380748522306,0.62241678008495,0.5256415621076201,0.145698634148651,-0.0548708309203989,0.6803779368864782,base_7,meta-llama_llama-4-maverick,0.25856191555813074,1.0411639217876016
EmpiricalLinear,overall,2.0,-1373.5827983681668,0.0922400147686459,0.6256547120405989,0.5134243175629274,0.14756296249545,-0.058087527890619,0.3196220631128613,base_7,meta-llama_llama-4-maverick,0.19909253068136404,1.0544864311192446
Equal,overall,0.0,-1319.7722885148864,0.1019428354299689,0.5427570048505357,0.541460713794866,0.1432486179682966,-0.0418114532871972,6.604394417658059e-13,base_7,meta-llama_llama-4-maverick,0.5,1.0236560812392934
Combo_Oracle,overall,0.0,-1228.3191557699056,0.1194186793615244,0.3725513758642117,0.6211102310826588,0.1302142771825186,1.352243960789118e-16,9.141922803543072e-33,base_7,meta-llama_llama-4-maverick,0.3276992021765946,0.9305125493885361
LLM(Combined),overall,,,0.0,1.0,0.5624089720043366,0.1399382278810595,-0.0770484775086505,,base_7,meta-llama_llama-4-maverick,,1.0
EmpiricalLinear,overall,2.0,-1524.2176307230466,0.0750050845160977,0.8729088507879973,0.7571107607417377,0.103997568352816,-0.0897352870180499,0.9994063240657164,base_7,openai_gpt-4o-2024-08-06,0.6666918344112066,1.3587803778803116
Equal,overall,0.0,-1509.3604645218322,0.0774410656181059,0.8645195788310278,0.7384968967162808,0.1079089510825159,-0.0939336610169491,0.000593675934176,base_7,openai_gpt-4o-2024-08-06,0.5,1.409884554522844
Combo_Oracle,overall,0.0,-1464.4943200236069,0.0835597141810259,0.8422651021545304,0.93495082067315,0.053819537139964,-6.322626038543265e-17,1.0739645702764457e-13,base_7,openai_gpt-4o-2024-08-06,0.5980945851006624,0.7031792393865485
Combo_NonOracle,overall,0.0,-1451.6577107784856,0.0853976413007496,0.8352499145983743,0.697906259575388,0.1159818176791121,-0.0986304371170696,1.7520870255437914e-16,base_7,openai_gpt-4o-2024-08-06,0.3135196568592817,1.5153606045732326
LLM(Combined),overall,,,0.0,1.0,0.8684442782972527,0.0765374375769626,-0.0522556949152542,,base_7,openai_gpt-4o-2024-08-06,,1.0
Equal,overall,0.0,-1428.0689745130444,0.0925399387314291,0.8544065638661529,0.7700592490267225,0.1008369442569702,-0.0534942499999999,0.8683563223564813,base_7,qwen_qwen2.5-vl-32b-instruct,0.5,0.8396402800496303
EmpiricalLinear,overall,2.0,-1424.295942095519,0.0925049394079752,0.8545166721766303,0.7729509358576847,0.1002008860272439,-0.0533282200919177,0.1316419755644425,base_7,qwen_qwen2.5-vl-32b-instruct,0.4867397078403508,0.8343440058113484
Combo_NonOracle,overall,0.0,-1401.783960654553,0.0966840724409654,0.8410746228233199,0.7854034462056223,0.0974143810371612,-0.0514937486950134,1.7020790761389262e-06,base_7,qwen_qwen2.5-vl-32b-instruct,0.340226185292257,0.8111415788886284
Combo_Oracle,overall,0.0,-1323.5599349279669,0.1101476847608433,0.7937309223640445,0.8676289942037272,0.0765082270640729,4.1448326252672507e-17,1.757309958954823e-23,base_7,qwen_qwen2.5-vl-32b-instruct,0.767209607513054,0.6370620378427266
LLM(Combined),overall,,,0.0,1.0,0.6738409632910973,0.1200954106811191,-0.0472713333333333,,base_7,qwen_qwen2.5-vl-32b-instruct,,1.0
EmpiricalLinear,overall,2.0,-1658.47974689404,0.0626119215892811,0.9241755881241652,0.9807900773547734,0.0291457014361392,-0.0097188248113923,0.9880047369377598,base_7,GPT-5 Mini,0.23494205353965367,0.42508172403947625
Combo_NonOracle,overall,0.0,-1649.6573944315187,0.0639643750248162,0.9208645079917054,0.988917650068828,0.0221374520384974,-0.0100594174177682,0.0119952562717808,base_7,GPT-5 Mini,0.09130899664710927,0.3228684099088961
Equal,overall,0.0,-1620.888357726473,0.0671060821312419,0.9128998800392494,0.9454643178115923,0.0491079809590135,-0.0090903011360027,6.790356652881007e-09,base_7,GPT-5 Mini,0.5,0.7162258645891226
Combo_Oracle,overall,0.0,-1598.688423640502,0.0696355054340051,0.9062100186721618,0.9927388654524344,0.0179190072772264,-2.4794980883295162e-17,1.0262145063154433e-13,base_7,GPT-5 Mini,0.024451400162622323,0.2613435989238046
LLM(Combined),overall,,,0.0,1.0,0.8936883767352887,0.0685649365471956,-0.0363075712233108,,base_7,GPT-5 Mini,,1.0
EmpiricalLinear,overall,2.0,-1095.984121054665,0.1598839773354699,0.2384729396554908,0.0842609368799091,0.2012322457616517,-0.1065965699231526,0.6048912877042814,base_7,microsoft_phi-4-multimodal-instruct,0.152740903200773,0.8962534044678893
Combo_NonOracle,overall,0.0,-1095.1323454464589,0.1611820873464848,0.2260569495555254,0.0430010411311113,0.2057156993041106,-0.1148947513511352,0.3951087122957186,base_7,microsoft_phi-4-multimodal-instruct,0.08531636472281358,0.9162219263416743
Equal,overall,0.0,-992.1617894393532,0.1913592012281508,-0.0908728988280458,-0.0017864103833946,0.2104743959229254,-0.0638581388888888,1.7256172358482162e-23,base_7,microsoft_phi-4-multimodal-instruct,0.5,0.9374163329801325
Combo_Oracle,overall,0.0,-961.2848673965328,0.2014646301669657,-0.2091302189855113,0.3261423961950983,0.172621851477244,-1.5395092608135502e-16,3.404913154237773e-30,base_7,microsoft_phi-4-multimodal-instruct,0.1021140028189654,0.7688276870660135
LLM(Combined),overall,,,0.0,1.0,-0.1400137873874227,0.2245260601058742,-0.1214046666666666,,base_7,microsoft_phi-4-multimodal-instruct,,1.0
EmpiricalLinear,overall,2.0,-1418.9556319113372,0.0933319561701547,0.84548893351954,0.5681878586895375,0.1381844353826739,-0.103580491394003,0.9986367178579676,base_7,mistralai_mistral-small-3.2-24b-instruct,0.13311306590662636,0.9353010665784851
Combo_NonOracle,overall,0.0,-1405.7626400419863,0.0960450685651812,0.8363752503211764,0.5194180709101344,0.1457791527753407,-0.1093718223700044,0.0013632821420323,base_7,mistralai_mistral-small-3.2-24b-instruct,0.04508553929161924,0.9867058956249125
Equal,overall,0.0,-1211.341422717928,0.1328011514759316,0.6871742210346725,0.5211908594162169,0.1455100265731998,-0.0794429999999999,8.25191643700694e-46,base_7,mistralai_mistral-small-3.2-24b-instruct,0.5,0.9848843154794386
Combo_Oracle,overall,0.0,-1108.0674913121668,0.1577444197482584,0.5586258815863038,0.7969336534629434,0.0947612282856898,1.4210854715202004e-16,3.0967457800653334e-68,base_7,mistralai_mistral-small-3.2-24b-instruct,0.21844314947179677,0.6413911786841211
LLM(Combined),overall,,,0.0,1.0,0.506380861097407,0.1477432671900821,-0.118488,,base_7,mistralai_mistral-small-3.2-24b-instruct,,1.0
Combo_Oracle,overall,0.0,-1694.3835154956453,0.0593696262510929,0.919531309602378,0.9475599285489118,0.0481552166516331,4.2336504672372638e-16,0.9821384116645572,base_7,anthropic_claude-3.7-sonnet,0.06894006048417378,0.9425907436712934
EmpiricalLinear,overall,2.0,-1686.2746941421117,0.0597775868346971,0.918421622862876,0.946900438370826,0.0484570723422006,-0.0079215798137075,0.0170358776536161,base_7,anthropic_claude-3.7-sonnet,0.08299077593341207,0.9484992702990886
Combo_NonOracle,overall,0.0,-1680.2210293394166,0.0607876653959951,0.9156414255708892,0.9438526463943868,0.0498283320026347,-0.0119870866452932,0.0008257106818267,base_7,anthropic_claude-3.7-sonnet,0.02782786098652283,0.9753403220681122
Equal,overall,0.0,-1365.9785617006,0.1026293898776888,0.7595405786502045,0.7917415651465503,0.0959650300890902,0.022812,4.785673494636418e-72,base_7,anthropic_claude-3.7-sonnet,0.5,1.8784205610057394
LLM(Combined),overall,,,0.0,1.0,0.9409775906963188,0.0510881493107746,-0.0038046666666666,,base_7,anthropic_claude-3.7-sonnet,,1.0
Combo_Oracle,overall,0.0,-1237.000368766588,0.1272416453246962,-0.1342930804808091,0.1434176042424598,0.1946239470853606,4.144832625267251e-16,0.9999986938891334,base_7,gemma-3-4b-it,0.09780983311408306,0.85805497641208
EmpiricalLinear,overall,2.0,-1209.8036366990218,0.1322572933984795,-0.2254793340200611,0.1344210877916879,0.1956433260136573,-0.0050971610224041,1.2425220410033688e-06,base_7,gemma-3-4b-it,0.35970641627635475,0.8625491980912393
Equal,overall,0.0,-1203.8584077895996,0.1344677776957901,-0.2667857965787319,0.0939467154741896,0.2001651992730005,-0.0010379999999999,6.357905182948944e-08,base_7,gemma-3-4b-it,0.5,0.8824851613218196
Combo_NonOracle,overall,0.0,-1186.2977409388018,0.1384615095187416,-0.3431510452329311,0.1422484989998814,0.1947567179039818,-0.0119482969095435,9.773805470754031e-12,base_7,gemma-3-4b-it,0.12291600543051981,0.8586403342950452
LLM(Combined),overall,,,0.0,1.0,-0.1634264038299353,0.2268199036606865,-0.0073882222333333,,base_7,gemma-3-4b-it,,1.0
Equal,overall,0.0,-734.5240219592129,0.0864306080043406,0.8366789584532754,0.7816581025652682,0.0983812121630276,-0.0643606666666666,0.6677876159574204,base_6,google_gemini-2.5-flash-lite,0.5,0.8203170888425293
EmpiricalLinear,overall,2.0,-732.0135723496825,0.086002529139128,0.8382927651784396,0.7522974676189007,0.1047873487947749,-0.0685873904258619,0.1903273297525088,base_6,google_gemini-2.5-flash-lite,0.5571693925950673,0.8737324029756207
Combo_NonOracle,overall,0.0,-731.426116099549,0.0873277450659669,0.8332708650047037,0.6923852862026839,0.1167742755222075,-0.0760434608252557,0.1418850542900707,base_6,google_gemini-2.5-flash-lite,0.6580179552559393,0.9736811698288061
Combo_Oracle,overall,0.0,-630.7347772722012,0.1221568679144654,0.6737558127080325,0.922202069623988,0.0587256254789357,-7.956598343146954e-17,1.9368243506346393e-23,base_6,google_gemini-2.5-flash-lite,0.10076613623030924,0.48966294553790035
LLM(Combined),overall,,,0.0,1.0,0.6755307369799769,0.1199307115518511,-0.0643939999999999,,base_6,google_gemini-2.5-flash-lite,,1.0
Combo_NonOracle,overall,0.0,-756.0156885467247,0.0633436036852413,0.8348678854130571,0.5237877490775602,0.1484011632158982,-0.1073337297210762,0.8508151787072942,base_6,meta-llama_llama-4-maverick,0.1714719452410313,0.9940592057003784
EmpiricalLinear,overall,2.0,-752.5336705955119,0.0632239691757664,0.8354910531102301,0.5152112819662127,0.1497315345028481,-0.109263795109126,0.1491848212092897,base_6,meta-llama_llama-4-maverick,0.1363098497406551,1.0029706441024349
Equal,overall,0.0,-709.9244478402593,0.0749476703084994,0.768824245789084,0.5722788234610298,0.1406427661880336,-0.0893006569343065,8.341602251439599e-11,base_6,meta-llama_llama-4-maverick,0.5,0.9420898961619674
Combo_Oracle,overall,0.0,-544.5197994559811,0.1370652021613149,0.2268203235694046,0.8754220606030071,0.075902764651344,-2.0016429714044792e-16,1.0094537844115546e-46,base_6,meta-llama_llama-4-maverick,0.10800781661510048,0.5084316073049125
LLM(Combined),overall,,,0.0,1.0,0.5180787677222343,0.1492880528291472,-0.1106145255474452,,base_6,meta-llama_llama-4-maverick,,1.0
EmpiricalLinear,overall,2.0,-872.0036058557342,0.0539330390379957,0.9275393188278148,0.5583894541330774,0.1399147005084654,-0.1165445733399236,0.5183845583467038,base_6,openai_gpt-4o-2024-08-06,0.60027944644495,1.1275013613343052
Equal,overall,0.0,-871.8555622108033,0.054683940360341,0.9255075550335669,0.5288571496393158,0.1445173308176796,-0.1199273333333333,0.4813985604429194,base_6,openai_gpt-4o-2024-08-06,0.5,1.1645916164718884
Combo_NonOracle,overall,0.0,-856.445360154928,0.0575663048707237,0.9174476703701642,0.4875337410872977,0.1507218678003267,-0.1240836070272687,0.0002168812103766,base_6,openai_gpt-4o-2024-08-06,0.3767903055157489,1.2145908221948094
Combo_Oracle,overall,0.0,-650.750292762245,0.1142726930607524,0.6747048772409114,0.8802097482217509,0.0728709393793561,-2.7385501274087196e-16,4.678488503546382e-49,base_6,openai_gpt-4o-2024-08-06,0.9174267259429693,0.5872298125454122
LLM(Combined),overall,,,0.0,1.0,0.6526196197856171,0.1240927109328612,-0.096994,,base_6,openai_gpt-4o-2024-08-06,,1.0
Equal,overall,0.0,-737.1377740047674,0.0856808516141928,0.8742536610170634,0.8162505827342192,0.0902519542170694,-0.0456106666666666,0.827410501768388,base_6,qwen_qwen2.5-vl-32b-instruct,0.5,0.7022255928182178
EmpiricalLinear,overall,2.0,-734.0030038941658,0.085434095507249,0.8749769030495704,0.8244117385073999,0.0882249393812077,-0.0461750658535232,0.172589491135576,base_6,qwen_qwen2.5-vl-32b-instruct,0.46358714923505817,0.6864539487899816
Combo_NonOracle,overall,0.0,-699.989223627466,0.0969754512753166,0.8389163657264483,0.827821203216678,0.08736419176619,-0.05016035417829,7.096035982102593e-09,base_6,qwen_qwen2.5-vl-32b-instruct,0.2064717734436526,0.6797567087194905
Combo_Oracle,overall,0.0,-651.0336130121975,0.1141648247776738,0.7767495054217559,0.8901350988735878,0.0697867725417504,-1.831867990631508e-16,1.661269282263677e-19,base_6,qwen_qwen2.5-vl-32b-instruct,0.5153081905727329,0.5429916520271011
LLM(Combined),overall,,,0.0,1.0,0.6273744211913698,0.1285227356281111,-0.0674939999999999,,base_6,qwen_qwen2.5-vl-32b-instruct,,1.0
Equal,overall,0.0,-827.6678601377116,0.0633618795532192,0.9229044213303984,0.9490263333437804,0.0475353358274079,-0.0195458213179999,0.7988662625804661,base_6,GPT-5 Mini,0.5,0.7242815348386621
EmpiricalLinear,overall,2.0,-824.8771923514087,0.0631069751316684,0.923523483583049,0.9548324358868472,0.0447462828980319,-0.0193537184224304,0.1979193565552471,base_6,GPT-5 Mini,0.4351666089841542,0.681785578908758
Combo_NonOracle,overall,0.0,-816.636742527183,0.0657350851681123,0.917021070210443,0.9307336354323924,0.0554121276961585,-0.0199763080875264,0.0032143808114167,base_6,GPT-5 Mini,0.6452862903138887,0.84429783019034
Combo_Oracle,overall,0.0,-780.7906092417062,0.0740780979770127,0.8946212566718429,0.9709840762604184,0.0358642563211512,3.219646771412954e-17,5.2869887358057025e-11,base_6,GPT-5 Mini,0.20604794996270923,0.5464528263446802
LLM(Combined),overall,,,0.0,1.0,0.9028302583487824,0.0656310199016694,-0.0366473333333333,,base_6,GPT-5 Mini,,1.0
Combo_NonOracle,overall,0.0,-490.0816736361642,0.1952244066404918,0.0439884487753788,0.3241048119445088,0.1730945150986809,-0.1050584668095002,0.8391757354681038,base_6,microsoft_phi-4-multimodal-instruct,0.14521450428232444,0.7673478127896227
EmpiricalLinear,overall,2.0,-486.7760634354812,0.1947730564084887,0.0484038519817968,0.3358537932685566,0.1715834822317302,-0.1038729107388253,0.1607121766512217,base_6,microsoft_phi-4-multimodal-instruct,0.2013133719798718,0.7606492310070235
Equal,overall,0.0,-472.2398892172373,0.2071871134988853,-0.0767636762951651,0.2647000013664784,0.1805410283195115,-0.0975606666666666,0.000112087880652,base_6,microsoft_phi-4-multimodal-instruct,0.5,0.8003590588690018
Combo_Oracle,overall,0.0,-427.5793816807052,0.2404448317384777,-0.4501930177251245,0.5474489586091821,0.1416372263552273,-2.8421709430404013e-16,2.2472566103251577e-14,base_6,microsoft_phi-4-multimodal-instruct,0.22410918984978115,0.6278940484700581
LLM(Combined),overall,,,0.0,1.0,-0.1478756293207663,0.2255750420000699,-0.1580606666666666,,base_6,microsoft_phi-4-multimodal-instruct,,1.0
Combo_NonOracle,overall,0.0,-716.1192958709925,0.0918990745708616,0.8474929734613991,0.5602994670634623,0.1396117995979058,-0.1137777239570324,0.7517119114916303,base_6,mistralai_mistral-small-3.2-24b-instruct,0.41027285506011146,0.9453141144964532
EmpiricalLinear,overall,2.0,-713.5752716761158,0.0914541456899797,0.8489661226020336,0.5686532220341511,0.1382792159337252,-0.1139337575043914,0.210680139486098,base_6,mistralai_mistral-small-3.2-24b-instruct,0.34040708758589777,0.9362911655041374
Equal,overall,0.0,-710.1290204391719,0.0937525199661321,0.8412793339043277,0.5441720764367175,0.1421490927629625,-0.1135773333333333,0.0376079490222715,base_6,mistralai_mistral-small-3.2-24b-instruct,0.5,0.9624941741221545
Combo_Oracle,overall,0.0,-560.2715167014835,0.154498371622631,0.5689621672779477,0.8666044109460295,0.0768978794467792,-1.3526217183349823e-16,1.08177309784511e-34,base_6,mistralai_mistral-small-3.2-24b-instruct,0.22326843782178743,0.520676984504521
LLM(Combined),overall,,,0.0,1.0,0.5079551311979118,0.1476882630407711,-0.120014,,base_6,mistralai_mistral-small-3.2-24b-instruct,,1.0
EmpiricalLinear,overall,2.0,-840.6095012858652,0.059882857242669,0.9190854024530478,0.8773465939343704,0.0737366555716279,-0.047952614115376,0.9996901890769488,base_6,anthropic_claude-3.7-sonnet,0.0025031785054812853,1.2379648221422022
Combo_NonOracle,overall,0.0,-824.395326866672,0.0640568426751008,0.9074123827219958,0.8757727137012086,0.0742082394559612,-0.0434325139392974,0.0003013021221558,base_6,anthropic_claude-3.7-sonnet,0.2758963343166866,1.2458822446909736
Combo_Oracle,overall,0.0,-817.2613016108634,0.0655983760404755,0.9029025048469904,0.9355868978608716,0.0534356057369899,-1.0732155904709848e-16,8.508799484982842e-06,base_6,anthropic_claude-3.7-sonnet,0.04533639716006244,0.8971304657016071
Equal,overall,0.0,-786.0355732924195,0.0727942305406136,0.8804317783957164,0.857074869695633,0.07959722507726,-0.0397273333333333,1.4102221713083693e-12,base_6,anthropic_claude-3.7-sonnet,0.5,1.3363579324541306
LLM(Combined),overall,,,0.0,1.0,0.9199681225560524,0.0595628036053822,-0.0344606666666666,,base_6,anthropic_claude-3.7-sonnet,,1.0
Combo_Oracle,overall,0.0,-679.1954821802088,0.1039354816969889,-0.1211557041902526,0.4560222310106975,0.1552866800122812,1.8947806286936006e-16,0.9999998435718772,base_6,gemma-3-4b-it,0.3603568619181091,0.8394517945352699
EmpiricalLinear,overall,2.0,-647.8537314042379,0.1138531554063076,-0.3453287009900649,0.3146705105144171,0.1742983753636646,-0.0486191955756175,1.5639584989060194e-07,base_6,gemma-3-4b-it,0.8097791320387184,0.9422255918668534
Equal,overall,0.0,-630.8812460469038,0.1220972419153411,-0.5472125229193814,0.3337735687632885,0.1718519871963467,-0.0676596666666666,3.2262413788364824e-11,base_6,gemma-3-4b-it,0.5,0.9290008585090248
Combo_NonOracle,overall,0.0,-614.8386933101557,0.1288041415337123,-0.7218603259583409,0.3188447597316086,0.1737667507000996,-0.0746224454663502,1.059499588634067e-14,base_6,gemma-3-4b-it,0.38671900170802337,0.9393517247855714
LLM(Combined),overall,,,0.0,1.0,0.2280491889842278,0.1849858217269637,0.0102726666666666,,base_6,gemma-3-4b-it,,1.0
Combo_NonOracle,overall,0.0,-688.6221256846721,0.1007203830974254,0.778848246857998,0.8250618384188138,0.0880614654357909,-0.0522330897278307,0.5300136270602344,base_1,google_gemini-2.5-flash-lite,0.46705361983548,0.6571487243719729
Equal,overall,0.0,-688.0498921929392,0.1009126850301784,0.7780029659568956,0.8149458245994446,0.0905718155572324,-0.052534,0.3981329408643122,base_1,google_gemini-2.5-flash-lite,0.5,0.6758819281844299
EmpiricalLinear,overall,2.0,-684.6255770065999,0.100719224375868,0.7788533352387593,0.8258418894386158,0.0878649126037385,-0.0522078616177151,0.0718534320754534,base_1,google_gemini-2.5-flash-lite,0.46429141799801277,0.6556819710966812
Combo_Oracle,overall,0.0,-612.2715946702236,0.1299110471278556,0.632084728265701,0.8987545355199468,0.0669933071985867,4.5889218351173137e-17,1.3963036741957195e-17,base_1,google_gemini-2.5-flash-lite,0.26212355795751396,0.49992997674006484
LLM(Combined),overall,,,0.0,1.0,0.5949046856469511,0.1340053813844802,-0.0769273333333333,,base_1,google_gemini-2.5-flash-lite,,1.0
EmpiricalLinear,overall,2.0,-873.6361389476024,0.0474847009587549,0.8847094612106817,0.5260869896008287,0.1456874561547985,-0.0877634755025725,0.9956632714011222,base_1,meta-llama_llama-4-maverick,0.10291983038839164,1.0079364892459641
Combo_NonOracle,overall,0.0,-862.7635612782381,0.0500012731842156,0.8721654108452099,0.5502141985043655,0.1419304942961747,-0.0796128059655018,0.0043367285988778,base_1,meta-llama_llama-4-maverick,0.22195597778577372,0.981944004745523
Equal,overall,0.0,-763.3983743487386,0.0706025652665837,0.7451250133462475,0.5638888085406252,0.139756321192261,-0.0605745138888888,1.1489101219290309e-24,base_1,meta-llama_llama-4-maverick,0.5,0.9669020206021299
Combo_Oracle,overall,0.0,-627.6981104998223,0.1130972367402408,0.3459811850707107,0.7609498911394683,0.1034706833399987,-4.3175339846533866e-17,3.920560539327798e-54,base_1,meta-llama_llama-4-maverick,0.18703385540248085,0.7158603771266693
LLM(Combined),overall,,,0.0,1.0,0.5335207866493814,0.1445403135110101,-0.0972411805555555,,base_1,meta-llama_llama-4-maverick,,1.0
Combo_NonOracle,overall,0.0,-822.3073356619306,0.0645042315228689,0.9003258939163502,0.7450460929407632,0.1063100849177966,-0.0929234757143188,0.8417895751565436,base_1,openai_gpt-4o-2024-08-06,0.6973139136956517,1.2722234853530003
EmpiricalLinear,overall,2.0,-818.88859434694,0.0643793737037432,0.9007113894574974,0.7461851421442675,0.1060723400405442,-0.0926863132790923,0.1523467868721327,base_1,openai_gpt-4o-2024-08-06,0.6602572831915097,1.2693783684800644
Equal,overall,0.0,-812.3738159677577,0.0666758327032116,0.8935016609173374,0.7427519083273704,0.1067873255900093,-0.0916606666666666,0.0058636379713235,base_1,openai_gpt-4o-2024-08-06,0.5,1.2779346725072964
Combo_Oracle,overall,0.0,-745.5020229470359,0.0833249926306983,0.8336753929449516,0.9393567958963838,0.0518483211933683,-7.549516567451065e-17,1.766614524001583e-17,base_1,openai_gpt-4o-2024-08-06,0.6740707708257389,0.6204740777823095
LLM(Combined),overall,,,0.0,1.0,0.8424803076640117,0.0835624291971776,-0.061394,,base_1,openai_gpt-4o-2024-08-06,,1.0
EmpiricalLinear,overall,2.0,-775.7856802171203,0.0743266581560096,0.8988294077887028,0.8429917649198346,0.0834266577295798,-0.0233899698986837,0.9958622472275162,base_1,qwen_qwen2.5-vl-32b-instruct,0.39075665720402486,0.7456993606330452
Equal,overall,0.0,-764.8187679816056,0.0781288499051406,0.8882138647969233,0.8292560823656295,0.0869993985276143,-0.0223148333333333,0.0041377527409585,base_1,qwen_qwen2.5-vl-32b-instruct,0.5,0.7776338837376104
Combo_NonOracle,overall,0.0,-727.4327604402009,0.0884979520248775,0.8565728000485712,0.7922544496618524,0.0959642546333151,-0.0255350317659726,3.15134642340894e-11,base_1,qwen_qwen2.5-vl-32b-instruct,0.17279948186559732,0.8577651948571025
Combo_Oracle,overall,0.0,-711.643943179441,0.0932802872149433,0.8406526563508327,0.8732451098187463,0.0749593808756742,-1.9391895496786067e-16,1.1748922557031864e-14,base_1,qwen_qwen2.5-vl-32b-instruct,0.7842572512508853,0.6700156030896613
LLM(Combined),overall,,,0.0,1.0,0.7176453851578197,0.1118770675339678,-0.0288606666666666,,base_1,qwen_qwen2.5-vl-32b-instruct,,1.0
EmpiricalLinear,overall,2.0,-893.8087701665123,0.0501520493624632,0.9502439489015592,0.9776376942652112,0.0314848710972081,-0.0137996708070473,0.5536411754265457,base_1,GPT-5 Mini,0.342129980883698,0.5353848258051578
Combo_NonOracle,overall,0.0,-893.0009615222338,0.0509622624594215,0.948623331767464,0.9854268814748608,0.0254167418371044,-0.0129469925822489,0.3696706436703338,base_1,GPT-5 Mini,0.22003349704690964,0.4321992571917966
Equal,overall,0.0,-889.8552318074378,0.0514994523055175,0.9475345070995642,0.9620869895594388,0.0409956488419633,-0.0149021786223333,0.0766881807660918,base_1,GPT-5 Mini,0.5,0.6971109472311038
Combo_Oracle,overall,0.0,-849.5695829294234,0.0589009175758337,0.9313702119910816,0.9936120393359752,0.016827699412927,2.55351295663786e-17,1.3702850878712549e-10,base_1,GPT-5 Mini,0.05021843446440467,0.28614679383871994
LLM(Combined),overall,,,0.0,1.0,0.9219838589455462,0.0588079257753681,-0.0295382921999999,,base_1,GPT-5 Mini,,1.0
Combo_NonOracle,overall,0.0,-490.2679098901148,0.195103251376309,0.1593760657776022,0.2397687047493132,0.1835762529148289,-0.1007398863441992,0.7909836466134619,base_1,microsoft_phi-4-multimodal-instruct,0.28700402870774516,0.7727038370971048
EmpiricalLinear,overall,2.0,-487.6050084256798,0.1942356121055757,0.1668360806733725,0.1920577856587311,0.1892490810407096,-0.1046745343369062,0.2088939195222673,base_1,microsoft_phi-4-multimodal-instruct,0.21281204895839792,0.7965817406410566
Equal,overall,0.0,-472.7209867468992,0.2068551224085753,0.0550576856882309,0.2920565299179394,0.1771507189937427,-0.089444,0.0001224338642606,base_1,microsoft_phi-4-multimodal-instruct,0.5,0.7456576661605815
Combo_Oracle,overall,0.0,-426.270279013688,0.2414963475418475,-0.2879347783672221,0.4180580372637698,0.1606140252732204,1.1842378929335005e-17,1.0029020808629568e-14,base_1,microsoft_phi-4-multimodal-instruct,0.5457240339669914,0.6760518947829753
LLM(Combined),overall,,,0.0,1.0,-0.2732673589979779,0.2375764738072073,-0.1507939999999999,,base_1,microsoft_phi-4-multimodal-instruct,,1.0
EmpiricalLinear,overall,2.0,-725.0378531706752,0.0880257250333018,0.8944099497396643,0.6131839565132654,0.1309470950535509,-0.1107185724411962,0.9999907022155368,base_1,mistralai_mistral-small-3.2-24b-instruct,0.3127876800134713,0.8494361265295127
Equal,overall,0.0,-701.8618843655798,0.0963719962783103,0.8734373716780436,0.4925297392959137,0.1499853798652833,-0.1199306666666666,9.27680183535646e-06,base_1,mistralai_mistral-small-3.2-24b-instruct,0.5,0.9729349097566637
Combo_NonOracle,overall,0.0,-689.6787297707574,0.1003662685005512,0.8627288314732793,0.6663588103008595,0.121613968269544,-0.0993963200627785,2.0982627619833892e-08,base_1,mistralai_mistral-small-3.2-24b-instruct,0.08269177745790236,0.7888933931410894
Combo_Oracle,overall,0.0,-552.4590735296409,0.1585745823684687,0.6573340690963412,0.8975122242514766,0.0674030677336701,-1.924386576016938e-16,3.349578159694733e-38,base_1,mistralai_mistral-small-3.2-24b-instruct,0.29943219930495485,0.4372346003436029
LLM(Combined),overall,,,0.0,1.0,0.463903436534733,0.1541576711465677,-0.1144606666666666,,base_1,mistralai_mistral-small-3.2-24b-instruct,,1.0
EmpiricalLinear,overall,2.0,-852.4464892310704,0.0575660882153266,0.9300988308214246,0.9311968692039774,0.0552265265784122,0.0022292149107542,0.9751052800339634,base_1,anthropic_claude-3.7-sonnet,0.16214781496015176,1.11978323273666
Combo_Oracle,overall,0.0,-844.9973093125199,0.0598054970792483,0.9245545226031932,0.9319829691719956,0.0549101289988608,-1.805962786723588e-16,0.0235224547313794,base_1,anthropic_claude-3.7-sonnet,0.09985979721094934,1.1133678970925276
Combo_NonOracle,overall,0.0,-839.3143240023713,0.060949208238984,0.9216413150766272,0.9306275672117988,0.0554545380167196,0.000207907225765,0.0013722652346573,base_1,anthropic_claude-3.7-sonnet,0.023067010947136674,1.1244064346888285
Equal,overall,0.0,-775.625008383979,0.0753646689990298,0.8801917859543763,0.8572348404680544,0.0795526675018925,0.0071393333333333,2.0299198774969516e-17,base_1,anthropic_claude-3.7-sonnet,0.5,1.6130245501066052
LLM(Combined),overall,,,0.0,1.0,0.9451293278473032,0.0493189440276249,-0.0136273333333333,,base_1,anthropic_claude-3.7-sonnet,,1.0
EmpiricalLinear,overall,2.0,-664.7419011298892,0.1076209798248021,-1.0269191220597618,0.2843573035632284,0.1781114137663899,0.0046593779541358,0.6956013516142489,base_1,gemma-3-4b-it,0.677052863164214,0.860606795235468
Combo_NonOracle,overall,0.0,-661.4330230536505,0.1102751421928504,-1.1281282131475463,0.266366414216325,0.1803363319090793,-0.0070669270521738,0.1329984783860693,base_1,gemma-3-4b-it,0.5129721028147307,0.8713572554780249
Combo_Oracle,overall,0.0,-660.8065384805543,0.1105056683955427,-1.137035063516144,0.2901034170365185,0.1773949171937108,-4.1448326252672507e-17,0.0972315649372633,base_1,gemma-3-4b-it,0.7382380914008901,0.8571447946473457
Equal,overall,0.0,-660.2650295752898,0.1107053145366863,-1.1447638292262354,0.2638310880151387,0.1806476706372563,-0.0079939999999999,0.0741686050624185,base_1,gemma-3-4b-it,0.5,0.8728615960445455
LLM(Combined),overall,,,0.0,1.0,0.0337562414306429,0.206960268908471,-0.0191939999999999,,base_1,gemma-3-4b-it,,1.0
Combo_NonOracle,overall,0.0,-622.1444956738184,0.1257053018581143,0.7020075590536965,0.848235517827053,0.0820216877362466,-0.028963182971434,0.8807187357514188,base_8,google_gemini-2.5-flash-lite,4.2268774346558116e-05,0.6420973295594594
EmpiricalLinear,overall,2.0,-618.1459799366831,0.1257046799272812,0.7020105076998686,0.8481592516634341,0.0820422943158427,-0.0289302476986774,0.1192808087527969,base_8,google_gemini-2.5-flash-lite,0.00011212645472952068,0.6422586457929482
Combo_Oracle,overall,0.0,-593.1947708421812,0.1384403263562982,0.6385707588000102,0.8761269140754757,0.0741023716165737,2.220446049250313e-16,4.554957842463821e-07,base_8,google_gemini-2.5-flash-lite,-0.002014055107242195,0.5801018760066056
Equal,overall,0.0,312.3119852967769,2.832160791811112,-150.26340399668786,-180.31218243886764,2.835026494676412,0.2067481111111111,1.071989676853034e-203,base_8,google_gemini-2.5-flash-lite,0.5,22.193678180772103
LLM(Combined),overall,,,0.0,1.0,0.6318977966813383,0.1277402723237011,-0.0775473333333333,,base_8,google_gemini-2.5-flash-lite,,1.0
EmpiricalLinear,overall,2.0,-715.2083611666561,0.0766426713608474,0.7668705753293492,0.6384972870405903,0.1277157131382299,-0.0671663435003292,0.9986920069781108,base_8,meta-llama_llama-4-maverick,0.28990476374916574,0.9181558843100444
Equal,overall,0.0,-701.9324554286948,0.0815204290785006,0.7362522650838028,0.6068061184933592,0.1331962285207162,-0.0629419285714285,0.0013079925545909,base_8,meta-llama_llama-4-maverick,0.5,0.9575556364927321
Combo_NonOracle,overall,0.0,-672.2428721652884,0.0906392985951539,0.6739464770664868,0.5611832947165425,0.1407116735911224,-0.0598069806901203,4.67298278632076e-10,base_8,meta-llama_llama-4-maverick,0.6559121504025391,1.0115846196542164
Combo_Oracle,overall,0.0,-591.8041281173266,0.1208039649142946,0.4208138049891134,0.7789966110571831,0.0998591853976394,-2.8231385483325407e-16,1.5942001498091854e-27,base_8,meta-llama_llama-4-maverick,0.2481670387903629,0.7178936437994587
LLM(Combined),overall,,,0.0,1.0,0.5711763618065788,0.1391002500999086,-0.0948169285714285,,base_8,meta-llama_llama-4-maverick,,1.0
Equal,overall,0.0,-732.7471071092215,0.0827164240203908,0.853957619249879,0.7836012025888187,0.0985592045974618,-0.0859318367346938,0.4302116380226301,base_8,openai_gpt-4o-2024-08-06,0.5,1.3217759203114001
EmpiricalLinear,overall,2.0,-732.4653534467049,0.0816768888397771,0.8576053161281809,0.776377230310666,0.1001907850478621,-0.0868198744264634,0.3736802322802556,base_8,openai_gpt-4o-2024-08-06,0.39211442918171696,1.3436570196993054
Combo_NonOracle,overall,0.0,-731.1050083832616,0.0831797184694765,0.8523170718346379,0.7841399391578872,0.0984364438963472,-0.0857506276140454,0.1892800957461816,base_8,openai_gpt-4o-2024-08-06,0.5220146617647354,1.3201295785074405
Combo_Oracle,overall,0.0,-724.4606261255731,0.0850809783438003,0.8454886621727736,0.9442832581351456,0.0500106644451079,-5.437827059388522e-17,0.0068280339509326,base_8,openai_gpt-4o-2024-08-06,0.5576553628354446,0.6706922229364203
LLM(Combined),overall,,,0.0,1.0,0.8761376910901263,0.0745657437716387,-0.0442651700680272,,base_8,openai_gpt-4o-2024-08-06,,1.0
Combo_NonOracle,overall,0.0,-625.59885966155,0.1225391102684769,0.7698526857200911,0.8540097448295048,0.0806145218263157,-0.0248752286736419,0.8666584651044522,base_8,qwen_qwen2.5-vl-32b-instruct,0.3257214496889164,0.6465788568344042
EmpiricalLinear,overall,2.0,-621.7625806663519,0.1224718058517515,0.7701054324032417,0.8539054414229748,0.0806433143916798,-0.0245728292814803,0.1272947768345398,base_8,qwen_qwen2.5-vl-32b-instruct,0.3451177085920919,0.6468097912067317
Equal,overall,0.0,-615.6673947976716,0.1266917929570994,0.7539896206875579,0.826493766435761,0.08788381265156,-0.0221581208053691,0.0060430722906479,base_8,qwen_qwen2.5-vl-32b-instruct,0.5,0.7048831132549759
Combo_Oracle,overall,0.0,-600.8630182731341,0.1331446892089121,0.7282909134797343,0.8620553869243257,0.0783616769021559,-7.153114789531211e-17,3.685770360073116e-06,base_8,qwen_qwen2.5-vl-32b-instruct,0.5183410033258659,0.6285096322990682
LLM(Combined),overall,,,0.0,1.0,0.6507946653934178,0.1246785615926225,-0.016174899328859,,base_8,qwen_qwen2.5-vl-32b-instruct,,1.0
Equal,overall,0.0,-872.0476708900734,0.0546489340380231,0.9413411188530524,0.9614945252264574,0.0413147253955854,-0.0112211860475296,0.5554877430565373,base_8,GPT-5 Mini,0.5,0.67594850023794
Combo_NonOracle,overall,0.0,-871.227598205945,0.0547985253979732,0.9410195436296718,0.9671319880536692,0.0381707195872379,-0.0115699374203267,0.3686361823838878,base_8,GPT-5 Mini,0.4423967725601516,0.6245095522467972
EmpiricalLinear,overall,2.0,-868.0661806248385,0.0546455623511239,0.9413483568086812,0.962278940292165,0.0408917382020669,-0.0112662460768487,0.0758760745595586,base_8,GPT-5 Mini,0.49255743971271293,0.6690280243944956
Combo_Oracle,overall,0.0,-809.7240207426535,0.067267365603122,0.9111250797373394,0.984264184762548,0.0264112072414855,3.0124051401495915e-16,1.6265439590739994e-14,base_8,GPT-5 Mini,0.13015179934540394,0.4321126608834522
LLM(Combined),overall,,,0.0,1.0,0.9157256784264818,0.0611211140804991,-0.0292438290666666,,base_8,GPT-5 Mini,,1.0
Combo_NonOracle,overall,0.0,-436.3403864818947,0.2335245764501149,0.0740520737879125,0.0176073449739967,0.2086825728792034,-0.1203520895951671,0.8727520846127578,base_8,microsoft_phi-4-multimodal-instruct,0.06140167048584441,0.899927713545374
EmpiricalLinear,overall,2.0,-432.48935785676423,0.2334086436462117,0.07497121553052,0.0390959366248734,0.2063876205755064,-0.1179591444572581,0.1272479088597794,base_8,microsoft_phi-4-multimodal-instruct,0.08397662461706147,0.8900309063953241
Combo_Oracle,overall,0.0,-398.81820495324206,0.2646375787214992,-0.1891165016012281,0.3551093265194797,0.1690778346497289,-6.513308411134252e-17,6.209443809065982e-09,base_8,microsoft_phi-4-multimodal-instruct,0.11404107426600053,0.7291352940890298
Equal,overall,0.0,-392.8747745745575,0.2699327076637188,-0.237178600479452,-0.002124509521592,0.2107679013512256,-0.0738606666666666,3.18019091714685e-10,base_8,microsoft_phi-4-multimodal-instruct,0.5,0.9089205338749583
LLM(Combined),overall,,,0.0,1.0,-0.213025286694775,0.2318881502793965,-0.141194,,base_8,microsoft_phi-4-multimodal-instruct,,1.0
Combo_NonOracle,overall,0.0,-683.3952230967717,0.1024906117750721,0.8101361845101607,0.545576826526759,0.141929889394426,-0.104447672684697,0.8229025145814899,base_8,mistralai_mistral-small-3.2-24b-instruct,0.1427826893400392,1.047060121767194
EmpiricalLinear,overall,2.0,-680.3229483041155,0.1021741575845804,0.8113068369499651,0.5316253097841512,0.1440921556733684,-0.1081232554130834,0.1770974854185091,base_8,mistralai_mistral-small-3.2-24b-instruct,0.1760258252615324,1.063011820193667
Equal,overall,0.0,-614.8351766677147,0.1288056514029308,0.7001225081322139,0.2426548573818765,0.1832274558392746,-0.143944,1.065917194224802e-15,base_8,mistralai_mistral-small-3.2-24b-instruct,0.5,1.3517248765621779
Combo_Oracle,overall,0.0,-566.514765855131,0.1513163572183783,0.5861473043450027,0.7800812516812354,0.0987358244038533,2.1908401019269754e-16,3.428305995805209e-26,base_8,mistralai_mistral-small-3.2-24b-instruct,0.2519046695914547,0.7284043182460413
LLM(Combined),overall,,,0.0,1.0,0.5855069704927309,0.1355508498928231,-0.1029606666666666,,base_8,mistralai_mistral-small-3.2-24b-instruct,,1.0
EmpiricalLinear,overall,2.0,-758.737890352813,0.07867265563334,0.8259270935071652,0.9076942697412844,0.0639672912347586,-0.00060056647,0.9807694117805528,base_8,anthropic_claude-3.7-sonnet,0.33470548394216104,0.6888763667856423
Equal,overall,0.0,-749.55424358131,0.0822070556582584,0.8099351760265202,0.8598487541667525,0.0788210308652878,0.0066393333333333,0.0099394729083554,base_8,anthropic_claude-3.7-sonnet,0.5,0.8488392164286922
Combo_Oracle,overall,0.0,-749.4191860390964,0.0822440729330416,0.8097639677082318,0.933924278548568,0.0541208471594823,2.975397705995419e-16,0.0092904335558508,base_8,anthropic_claude-3.7-sonnet,0.047466785798645515,0.5828380698779158
Combo_NonOracle,overall,0.0,-730.3795359005088,0.0876329287178127,0.7840176746319358,0.9307680571280852,0.0553983575464289,-0.0123208536674199,6.817552411587526e-07,base_8,anthropic_claude-3.7-sonnet,0.06711901824764126,0.596595831022763
LLM(Combined),overall,,,0.0,1.0,0.8054881380764941,0.0928574332332456,0.015706,,base_8,anthropic_claude-3.7-sonnet,,1.0
Equal,overall,0.0,-590.4790396250833,0.1396992382566257,-0.3903963719070411,0.1757614435601366,0.1911481469940508,-0.0399539999999999,0.740558846751683,base_8,gemma-3-4b-it,0.5,0.7769474359862379
Combo_Oracle,overall,0.0,-587.329462317246,0.1411736092929595,-0.4198994343017401,0.2416147122472698,0.1833532358461106,-2.0132044179869502e-16,0.1533336775300813,base_8,gemma-3-4b-it,0.14618372633599044,0.7452639678209871
EmpiricalLinear,overall,2.0,-586.5263481590715,0.139677210106332,-0.3899579236250206,0.1797858973077799,0.1906809229229583,-0.0403255983283287,0.1026227216183239,base_8,gemma-3-4b-it,0.48472046347332504,0.7750483407045156
Combo_NonOracle,overall,0.0,-579.7610243904118,0.1447804607088266,-0.4933804387080676,0.206716489712407,0.1875244250601762,-0.0460328545043742,0.0034847540999116,base_8,gemma-3-4b-it,0.2500471009714533,0.7622183292199631
LLM(Combined),overall,,,0.0,1.0,-0.3654306603742938,0.2460245547389085,-0.0352835555999999,,base_8,gemma-3-4b-it,,1.0
Combo_NonOracle,overall,0.0,-711.8557797392949,0.09321444321413,0.8140199926234267,0.7699208343979729,0.1009909077958513,-0.0622148847506909,0.4718349518425769,base,google_gemini-2.5-flash-lite,0.4960846572502987,0.7546124894486532
Equal,overall,0.0,-711.7057836907807,0.0932610608610908,0.8138339244992382,0.7685595862533422,0.1012892202187024,-0.0622693703703703,0.4377426680601994,base,google_gemini-2.5-flash-lite,0.5,0.7568415047625484
EmpiricalLinear,overall,2.0,-708.5515048554375,0.092998521583275,0.8148806016711482,0.7821600925246286,0.0982680529388543,-0.0616849559671766,0.0904223800972235,base,google_gemini-2.5-flash-lite,0.4580039153481759,0.7342670907698003
Combo_Oracle,overall,0.0,-631.5117238105374,0.1218409127060168,0.6822495836784268,0.8895641079466161,0.0699678857705422,2.871776890363738e-16,1.6877186009291725e-18,base,google_gemini-2.5-flash-lite,0.23298413044757366,0.5228058804016099
LLM(Combined),overall,,,0.0,1.0,0.5959553914864955,0.1338314819963275,-0.0686273333333333,,base,google_gemini-2.5-flash-lite,,1.0
EmpiricalLinear,overall,2.0,-755.9345368832077,0.0637117673100024,0.8325042835625369,0.4849158852559941,0.1522172829972328,-0.0990210646192268,0.9851876671027688,base,meta-llama_llama-4-maverick,0.0701208537029573,1.0916134046144075
Combo_NonOracle,overall,0.0,-747.5397928624681,0.0666381854601336,0.8167640323184737,0.5251045726655823,0.1461584341044462,-0.0883071462482425,0.0148123328972312,base,meta-llama_llama-4-maverick,0.2134317627908192,1.0481628808784185
Equal,overall,0.0,-675.3709278427821,0.0865531921891099,0.690877526357951,0.5546026877156305,0.1415463528249758,-0.0668833152173912,3.157574036214449e-18,base,meta-llama_llama-4-maverick,0.5,1.0150877290381863
Combo_Oracle,overall,0.0,-578.5284642124313,0.1229327742309327,0.3764091051727029,0.7692072832059571,0.1018910264387773,-1.4159366111161416e-16,2.953110909786684e-39,base,meta-llama_llama-4-maverick,0.1330032575061622,0.7307029010136273
LLM(Combined),overall,,,0.0,1.0,0.5677445911189463,0.1394424824336055,-0.1009526086956521,,base,meta-llama_llama-4-maverick,,1.0
Equal,overall,0.0,-778.4432129176973,0.0746600071434946,0.8876262280082101,0.7164710113988714,0.1121094865447761,-0.0945806666666666,0.5752640932403165,base,openai_gpt-4o-2024-08-06,0.5,1.1891962866033363
EmpiricalLinear,overall,2.0,-777.8364896074156,0.0738202915352303,0.8901397920958096,0.7150170014206437,0.11239658216039,-0.0962535351973158,0.4247359037386908,base,openai_gpt-4o-2024-08-06,0.5907851952233661,1.1922416403063147
Combo_NonOracle,overall,0.0,-740.3137043502795,0.0847785812316118,0.8551023996026678,0.6917404141777403,0.1168966120605578,-0.0900078172088147,3.0209927489968855e-09,base,openai_gpt-4o-2024-08-06,0.25183523202685126,1.2399755030846997
Combo_Oracle,overall,0.0,-698.6491230230974,0.0974096097831,0.8087098922714949,0.9216791792802688,0.0589226463922116,-2.6201263381153693e-16,2.7089488341222472e-18,base,openai_gpt-4o-2024-08-06,0.6657127029118196,0.6250192953874031
LLM(Combined),overall,,,0.0,1.0,0.7995110783850985,0.0942733237630525,-0.0661939999999999,,base,openai_gpt-4o-2024-08-06,,1.0
Equal,overall,0.0,-719.9543867249218,0.090731747475732,0.8783517617450863,0.7748506596643908,0.0999031009195076,-0.0355273333333333,0.8624946215554271,base,qwen_qwen2.5-vl-32b-instruct,0.5,0.7834114788157532
EmpiricalLinear,overall,2.0,-716.2820549175708,0.0906327018833459,0.8786172067690454,0.7802213347645081,0.0987043731927584,-0.0356084054290391,0.137505375286162,base,qwen_qwen2.5-vl-32b-instruct,0.4803857832969888,0.7740113996143412
Combo_NonOracle,overall,0.0,-681.1038457752974,0.1032764244889326,0.8423878618143004,0.7829233604799337,0.0980957459621221,-0.0365555455585458,3.1584108203915732e-09,base,qwen_qwen2.5-vl-32b-instruct,0.2512389777711755,0.7692387193430402
Combo_Oracle,overall,0.0,-644.576181617592,0.1166488344879354,0.7989296283545674,0.8618891235585828,0.0782451756511131,-1.9984014443252816e-16,3.6947676171549947e-17,base,qwen_qwen2.5-vl-32b-instruct,0.8001703435693156,0.6135762374025316
LLM(Combined),overall,,,0.0,1.0,0.6331480621869138,0.1275231517803728,-0.0378273333333333,,base,qwen_qwen2.5-vl-32b-instruct,,1.0
Equal,overall,0.0,-853.3829716126224,0.0581569490200156,0.9373087667911632,0.9596699697971596,0.0422822318030984,-0.0187954198170177,0.8327624074881257,base,GPT-5 Mini,0.5,0.6059185931438582
EmpiricalLinear,overall,2.0,-850.1710092100363,0.0580043832790006,0.9376372568194,0.9664274612993428,0.0385776457510116,-0.0179954024257353,0.1671292015189877,base,GPT-5 Mini,0.44173425888369056,0.5528306298756491
Combo_NonOracle,overall,0.0,-835.4894542784672,0.0617312589869433,0.9293659917181182,0.9882628100454126,0.022810021562413,-0.0139810459953324,0.0001083909922559,base,GPT-5 Mini,0.14936629904782847,0.3268752756250101
Combo_Oracle,overall,0.0,-797.5643879715769,0.0700498631358811,0.909046761876761,0.9952034394394936,0.0145817146503145,3.256654205567126e-17,6.304776279738545e-13,base,GPT-5 Mini,0.022799054866946736,0.20896087197308974
LLM(Combined),overall,,,0.0,1.0,0.8901500184204894,0.0697820338928924,-0.036419470088376,,base,GPT-5 Mini,,1.0
EmpiricalLinear,overall,2.0,-524.2114918657512,0.1719236195979654,0.2619604959832152,0.1684359021060336,0.1919956966209012,-0.101507388518172,0.5370613007848416,base,microsoft_phi-4-multimodal-instruct,0.14929566064813854,0.8712055691485228
Combo_NonOracle,overall,0.0,-523.9144566725512,0.1744038796145738,0.240512204384129,0.1131005183832096,0.1982808763549174,-0.1086662461286247,0.4629386989087418,base,microsoft_phi-4-multimodal-instruct,0.05021112624740858,0.8997253937266025
Equal,overall,0.0,-481.6407211414949,0.2007953456465894,-0.0067364661007891,0.052952683364314,0.2048941071789685,-0.0761689999999999,3.061247556209351e-10,base,microsoft_phi-4-multimodal-instruct,0.5,0.9297337930052287
Combo_Oracle,overall,0.0,-467.72905926174735,0.2103259383309325,-0.1045723981030708,0.3647867781125732,0.1678044191488301,0.0,2.9175577230618253e-13,base,microsoft_phi-4-multimodal-instruct,0.13808425430146526,0.7614344855804382
LLM(Combined),overall,,,0.0,1.0,-0.0956061080956565,0.2203793265561298,-0.1205273333333333,,base,microsoft_phi-4-multimodal-instruct,,1.0
EmpiricalLinear,overall,2.0,-699.2756394737405,0.0959189100316846,0.8510822251865722,0.615754351009733,0.1305112978353856,-0.1020029518618046,0.7461206749627745,base,mistralai_mistral-small-3.2-24b-instruct,0.2744951184559452,0.8497446234353658
Combo_NonOracle,overall,0.0,-697.1195827910185,0.0979075177121158,0.8448434379894953,0.6295370570386258,0.1281492342469261,-0.0992244033455449,0.2538793130034262,base,mistralai_mistral-small-3.2-24b-instruct,0.1908650732488337,0.834365488695341
Equal,overall,0.0,-663.3902822453978,0.109558027250558,0.8057207245071791,0.4919227772672393,0.1500750483965422,-0.1094951904761904,1.2033799236058129e-08,base,mistralai_mistral-small-3.2-24b-instruct,0.5,0.9771220392552714
Combo_Oracle,overall,0.0,-540.7288384057327,0.1648977883835758,0.5598834196065483,0.8348851457141275,0.0855532873908066,-1.0658141036401501e-16,2.7848939442972097e-35,base,mistralai_mistral-small-3.2-24b-instruct,0.29495599431883396,0.557027990551848
LLM(Combined),overall,,,0.0,1.0,0.467852400097999,0.1535888480326615,-0.1221273333333333,,base,mistralai_mistral-small-3.2-24b-instruct,,1.0
EmpiricalLinear,overall,2.0,-827.3986195144131,0.0625787990324242,0.9110975278521124,0.9288108694218824,0.0561759562235671,0.0075758906477408,0.9314361515490346,base,anthropic_claude-3.7-sonnet,0.20714117134235568,1.0425573665279118
Combo_Oracle,overall,0.0,-822.1795535942739,0.0645317123219709,0.90546213994175,0.9296459435061256,0.0558455022017751,2.338869838543663e-16,0.0685247287607677,base,anthropic_claude-3.7-sonnet,0.15144254370714783,1.0364245421333091
Combo_NonOracle,overall,0.0,-807.2429055201118,0.0678259994264688,0.8955636240235744,0.9276516235926532,0.0566314946475254,-0.0024273914145522,3.9119690196773896e-05,base,anthropic_claude-3.7-sonnet,0.05292818990926618,1.0510116051659537
Equal,overall,0.0,-758.0979788929166,0.0798988944437489,0.8550757940896542,0.8460300436137868,0.0826155165409824,0.0265726666666666,8.331250310154565e-16,base,anthropic_claude-3.7-sonnet,0.5,1.5332434220883924
LLM(Combined),overall,,,0.0,1.0,0.9345041524596052,0.0538828442703859,-0.0046606666666666,,base,anthropic_claude-3.7-sonnet,,1.0
Equal,overall,0.0,-590.9271758044675,0.1394907130985189,-0.0906778231216876,0.1186131102132908,0.1976637008284151,-0.0356428888888888,0.7932265173935636,base,gemma-3-4b-it,0.5,0.9126724006759654
EmpiricalLinear,overall,2.0,-588.231935586965,0.1388853575503854,-0.0812318148570445,0.1483912459386924,0.1942959230174069,-0.0377662497335039,0.2061262238420617,base,gemma-3-4b-it,0.43157316097989057,0.8971223636846806
Combo_NonOracle,overall,0.0,-576.7015130278323,0.1462645403255353,-0.1991789459338666,0.1927155718606066,0.1891720267787887,-0.0452694032714018,0.0006461506737311,base,gemma-3-4b-it,0.18977861127679344,0.8734638029003023
Combo_Oracle,overall,0.0,-563.9647243785718,0.1526080491778771,-0.3054516008785275,0.2272730201163045,0.1850787966683208,1.1842378929335005e-17,1.1080906433157837e-06,base,gemma-3-4b-it,0.057688846588760764,0.8545641357596837
LLM(Combined),overall,,,0.0,1.0,-0.0581244533203857,0.2165768359841019,-0.0358522222444444,,base,gemma-3-4b-it,,1.0
