exp_id,llm_model,range_category,regression_angle,scalar_variability,short_vs_medium_t,medium_vs_long_t,response_autocorr,stimulus_autocorr
base_text_image,google_gemini-2.5-flash-lite,short,32.212626610543495,0.1475669632787774,,,0.2912250620646824,0.2352175513066983
base_text_image,google_gemini-2.5-flash-lite,medium,31.36648988933907,0.1182144897257929,,0.1818181818181816,0.7510778358582096,0.2352072173798542
base_text_image,google_gemini-2.5-flash-lite,long,35.80238326448851,0.0917109472033146,,,0.5774215641420408,0.2352175513066983
base_text_image,meta-llama_llama-4-maverick,short,,0.0741988283254704,,,0.2886223409202673,0.2985338633218581
base_text_image,meta-llama_llama-4-maverick,medium,,0.1251554065612314,,-1.340425531914894,0.4966269548185382,0.2553167230274631
base_text_image,meta-llama_llama-4-maverick,long,43.55412993207808,0.0664496643257115,,,0.3010468527706394,0.2352175513066983
base_text_image,openai_gpt-4o-2024-08-06,short,41.26909451265439,0.2792796353625306,,,0.4029328405517847,0.2352175513066983
base_text_image,openai_gpt-4o-2024-08-06,medium,52.27788992581244,0.1161023733352305,,-29.000000000000774,0.2759937157053262,0.2352072173798542
base_text_image,openai_gpt-4o-2024-08-06,long,43.96943265378793,0.0540865755029589,,,0.1064522016910801,0.2352175513066983
base_text_image,qwen_qwen2.5-vl-32b-instruct,short,34.524691284335965,0.2492294708200083,,,0.4108862494295415,0.2352175513066983
base_text_image,qwen_qwen2.5-vl-32b-instruct,medium,51.86626311735426,0.1010742018208462,,0.0,0.2803343145388979,0.2352072173798542
base_text_image,qwen_qwen2.5-vl-32b-instruct,long,51.969908230157166,0.1101835396730216,,,0.2788562152315082,0.2352175513066983
base_text_image,GPT-5 Mini,short,54.45413952594957,0.0957929496204073,,,0.3384093143624042,0.2352175513066983
base_text_image,GPT-5 Mini,medium,50.46595206595288,0.0906983298928699,,-0.2029124344160664,0.1547215111191644,0.2352072173798542
base_text_image,GPT-5 Mini,long,50.09523173768157,0.0397048897754036,,,0.1693538035882558,0.2352175513066983
base_text_image,microsoft_phi-4-multimodal-instruct,short,49.366159631963605,0.1147023016308475,,,0.0004039137370077,0.2352175513066983
base_text_image,microsoft_phi-4-multimodal-instruct,medium,43.19405781795358,0.228546560987372,,-1.076923076923077,-0.1897976320785916,0.2352072173798542
base_text_image,microsoft_phi-4-multimodal-instruct,long,45.79764547634642,0.1117360698549585,,,-0.3735643891112523,0.2352175513066983
base_text_image,mistralai_mistral-small-3.2-24b-instruct,short,33.47623041324612,0.1670006316614963,,,0.0554861832558896,0.2352175513066983
base_text_image,mistralai_mistral-small-3.2-24b-instruct,medium,50.997564668772064,0.1259559215464866,,0.8202247191011233,0.0510495811823288,0.2352072173798542
base_text_image,mistralai_mistral-small-3.2-24b-instruct,long,56.7912563284894,0.1050332527441159,,,0.4783833091953543,0.2352175513066983
base_text_image,anthropic_claude-3.7-sonnet,short,50.67180982760701,0.1257149956138875,,,0.2611855942464703,0.2352175513066983
base_text_image,anthropic_claude-3.7-sonnet,medium,48.618213459723904,0.0482309861404046,,-1.2539682539682544,0.2712063845269024,0.2352072173798542
base_text_image,anthropic_claude-3.7-sonnet,long,47.67088734896588,0.0271517138698715,,,0.1572490189705445,0.2352175513066983
base_text_image,gemma-3-4b-it,short,4.338266587865883,0.2392893176320203,,,-0.6730091663574466,0.2352175513066983
base_text_image,gemma-3-4b-it,medium,13.90124984264247,0.1634257088729676,,-0.7961762635189095,-0.1784651073077063,0.2352072173798542
base_text_image,gemma-3-4b-it,long,30.545026946896535,0.2083225537456289,,,-0.3274476565578193,0.2352175513066983
base_2_text,google_gemini-2.5-flash-lite,short,40.201320164105454,0.1178882273043468,,,0.3778571423238409,0.2352175513066983
base_2_text,google_gemini-2.5-flash-lite,medium,41.051053489353144,0.0553942764015434,,-18.750000000000348,0.4610346657729661,0.2352072173798542
base_2_text,google_gemini-2.5-flash-lite,long,39.316635299201806,0.0477637150803075,,,0.2527480016248756,0.2352175513066983
base_2_text,meta-llama_llama-4-maverick,short,,,,,0.2193448032736313,0.3217314873085427
base_2_text,meta-llama_llama-4-maverick,medium,,,,0.9186991869918698,0.4545609420024921,0.3217228256357871
base_2_text,meta-llama_llama-4-maverick,long,,,,,0.3935298251950282,0.3217314873085427
base_2_text,openai_gpt-4o-2024-08-06,short,24.741804064784112,0.1248614893458113,,,0.6356542693980687,0.2352175513066983
base_2_text,openai_gpt-4o-2024-08-06,medium,31.046763350291485,0.0763033852219698,,2.0000000000000013,0.3486883550149846,0.2352072173798542
base_2_text,openai_gpt-4o-2024-08-06,long,23.63294837464394,0.0593040180745605,,,0.2463686999075319,0.2352175513066983
base_2_text,qwen_qwen2.5-vl-32b-instruct,short,21.738533804856935,0.1064115340492542,,,0.3249887776520134,0.2352175513066983
base_2_text,qwen_qwen2.5-vl-32b-instruct,medium,35.755797703879004,0.0620329548384963,,-0.2095238095238093,0.3929644125741758,0.2352072173798542
base_2_text,qwen_qwen2.5-vl-32b-instruct,long,28.50204083914628,0.0664529941270439,,,0.3670801708639855,0.2352175513066983
base_2_text,GPT-5 Mini,short,44.33783748097371,0.0449447155719817,,,0.2060700991588414,0.2352175513066983
base_2_text,GPT-5 Mini,medium,44.731211672705655,0.0244478735712057,,-0.8007118865856299,0.2842652089900999,0.2352072173798542
base_2_text,GPT-5 Mini,long,45.3663972966841,0.0128823600815027,,,0.2265002123134067,0.2352175513066983
base_2_text,microsoft_phi-4-multimodal-instruct,short,30.75824074470707,0.1265387309587302,,,0.1126971732869154,0.2352175513066983
base_2_text,microsoft_phi-4-multimodal-instruct,medium,-1.5446012488485794,0.1063612776295321,,7.285714285714279,-0.648510727655268,0.2352072173798542
base_2_text,microsoft_phi-4-multimodal-instruct,long,20.84633461025725,0.0800536395112124,,,0.1294825809300865,0.2352175513066983
base_2_text,mistralai_mistral-small-3.2-24b-instruct,short,32.424233968515644,0.1839688660356024,,,0.2285674871328069,0.2352175513066983
base_2_text,mistralai_mistral-small-3.2-24b-instruct,medium,45.38788477673715,0.091967462980017,,0.4117647058823523,0.3016285107729787,0.2352072173798542
base_2_text,mistralai_mistral-small-3.2-24b-instruct,long,42.1713152207452,0.105442141510895,,,0.4181758668859403,0.2352175513066983
base_2_text,anthropic_claude-3.7-sonnet,short,37.910286386633985,0.080234510083394,,,0.119526254215381,0.2352175513066983
base_2_text,anthropic_claude-3.7-sonnet,medium,42.65866637953718,0.0306518830553616,,0.1428571428571428,0.386608966852405,0.2352072173798542
base_2_text,anthropic_claude-3.7-sonnet,long,39.09720634229974,0.018045642946281,,,0.2821052202272924,0.2352175513066983
base_2_text,gemma-3-4b-it,short,13.512511652378556,0.2132701010514605,,,-0.6380685397216636,0.2352175513066983
base_2_text,gemma-3-4b-it,medium,3.927040058737064,0.1302253940459363,,0.850467289719626,-0.2937234684589174,0.2352072173798542
base_2_text,gemma-3-4b-it,long,23.289384767200776,0.1074922916720445,,,-0.1163246647843446,0.2352175513066983
base_4_image,google_gemini-2.5-flash-lite,short,8.457967198790726,0.3563822377300201,,,0.3777444049191303,0.2352175513066983
base_4_image,google_gemini-2.5-flash-lite,medium,87.31026158133409,1.3145894317053377,,0.0102770599194662,0.4787041100383092,0.2352072173798542
base_4_image,google_gemini-2.5-flash-lite,long,85.17527209469952,0.9253376174020674,,,0.2936545892073243,0.2352175513066983
base_4_image,meta-llama_llama-4-maverick,short,50.25519196116883,0.1975246571936974,,,0.2691004498604837,0.2352175513066983
base_4_image,meta-llama_llama-4-maverick,medium,13.58107702188736,0.043491092544249,,-1.0,-0.0530043409419694,0.2352072173798542
base_4_image,meta-llama_llama-4-maverick,long,33.03369994393986,0.0641846087235315,,,-0.3116137776976261,0.2352175513066983
base_4_image,openai_gpt-4o-2024-08-06,short,33.215052938294924,0.330836479906446,,,-0.0639714280940588,0.2352175513066983
base_4_image,openai_gpt-4o-2024-08-06,medium,48.47068558271268,0.1131507438346536,,5.545454545454568,0.2725311090071564,0.2352072173798542
base_4_image,openai_gpt-4o-2024-08-06,long,46.29016257108908,0.0934568712308012,,,0.4057272148713814,0.2352175513066983
base_4_image,qwen_qwen2.5-vl-32b-instruct,short,35.427728667993826,0.4648602434247268,,,0.1439695262108809,0.2352175513066983
base_4_image,qwen_qwen2.5-vl-32b-instruct,medium,61.24481137585903,0.1996046984599322,,-2.2978723404255295,0.3006929459496902,0.2352072173798542
base_4_image,qwen_qwen2.5-vl-32b-instruct,long,50.27050228198637,0.1376765515253327,,,0.2829303711776926,0.2352175513066983
base_4_image,GPT-5 Mini,short,55.46054937790519,0.1058114499526003,,,0.3095776689348877,0.2352175513066983
base_4_image,GPT-5 Mini,medium,37.90336307701113,0.0548616355151702,,-1.5454545454545454,-0.0329421332935881,0.2352072173798542
base_4_image,GPT-5 Mini,long,49.76268804287773,0.0582099492643685,,,-0.0047009824627488,0.2352175513066983
base_4_image,microsoft_phi-4-multimodal-instruct,short,1.306368594545389,0.5089672108615149,,,-0.35393312477765,0.2352175513066983
base_4_image,microsoft_phi-4-multimodal-instruct,medium,29.297811084540097,0.5012877691542033,,-2.5692307692307677,-0.530260308978482,0.2352072173798542
base_4_image,microsoft_phi-4-multimodal-instruct,long,34.108613199568765,0.4686897367499185,,,-0.4372998220988864,0.2352175513066983
base_4_image,mistralai_mistral-small-3.2-24b-instruct,short,32.1547780979722,0.5679146575847912,,,0.0371627564406039,0.2352175513066983
base_4_image,mistralai_mistral-small-3.2-24b-instruct,medium,48.73367531589293,0.247646509612431,,18.000000000000025,0.1174840524752817,0.2352072173798542
base_4_image,mistralai_mistral-small-3.2-24b-instruct,long,52.57200767676254,0.1620404631370799,,,0.193308050304397,0.2352175513066983
base_4_image,anthropic_claude-3.7-sonnet,short,49.1448760285669,0.2810014790871862,,,0.0572639857952994,0.2352175513066983
base_4_image,anthropic_claude-3.7-sonnet,medium,38.9576681075569,0.1409298615175533,,0.3548387096774206,0.0053992543984211,0.2352072173798542
base_4_image,anthropic_claude-3.7-sonnet,long,35.243540682088856,0.1322069771816684,,,-0.0977896677507547,0.2352175513066983
base_4_image,gemma-3-4b-it,short,2.1937464800948026,0.2491408115211212,,,-0.4880769128841474,0.2352175513066983
base_4_image,gemma-3-4b-it,medium,9.741042491731562,0.217247041706891,,0.5121951219512192,-0.4786650449740757,0.2352072173798542
base_4_image,gemma-3-4b-it,long,29.44318583887504,0.1735504431277299,,,-0.2624309033281271,0.2352175513066983
base_6_image,google_gemini-2.5-flash-lite,short,3.166977293137963,0.084813852906771,,,0.0416627769460361,0.2352175513066983
base_6_image,google_gemini-2.5-flash-lite,medium,10.380812159308409,0.0516298078344825,,1.2250000000000003,0.1598915102002682,0.2352072173798542
base_6_image,google_gemini-2.5-flash-lite,long,0.7021862960986257,0.0145896544586731,,,0.1891315932115028,0.2352175513066983
base_6_image,meta-llama_llama-4-maverick,short,38.09553638050077,0.2976645913665921,,,0.1206790068727479,0.2352175513066983
base_6_image,meta-llama_llama-4-maverick,medium,8.375502145877498,0.0531557653703634,,0.062937062937063,-0.0109924676254901,0.2352072173798542
base_6_image,meta-llama_llama-4-maverick,long,29.10569196067085,0.0673229244737553,,,0.0343408719237022,0.2352175513066983
base_6_image,openai_gpt-4o-2024-08-06,short,26.24490304421693,0.1716128445315603,,,0.3717461659753206,0.2352175513066983
base_6_image,openai_gpt-4o-2024-08-06,medium,33.94038577302267,0.0720869703415289,,-1.0000000000000056,0.334559637106278,0.2352072173798542
base_6_image,openai_gpt-4o-2024-08-06,long,31.34553432024945,0.0724836815783179,,,0.1852945433012349,0.2352175513066983
base_6_image,qwen_qwen2.5-vl-32b-instruct,short,22.35005607817927,0.2173812809292292,,,0.1525731619079099,0.2352175513066983
base_6_image,qwen_qwen2.5-vl-32b-instruct,medium,55.55311876087389,0.1705445579657611,,-0.4588235294117643,0.0594216357609572,0.2352072173798542
base_6_image,qwen_qwen2.5-vl-32b-instruct,long,44.95895480456448,0.049919526529704,,,0.2515205549977622,0.2352175513066983
base_6_image,GPT-5 Mini,short,53.85874470476742,0.0808570621395565,,,0.3539923703335921,0.2352175513066983
base_6_image,GPT-5 Mini,medium,30.52450428611912,0.0352833009807797,,-0.4171428571428576,0.0503069558129718,0.2352072173798542
base_6_image,GPT-5 Mini,long,43.367670798845985,0.0367199715115749,,,0.100056594069355,0.2352175513066983
base_6_image,microsoft_phi-4-multimodal-instruct,short,25.769809580631936,0.2712330714096782,,,-0.4115332186075451,0.2352175513066983
base_6_image,microsoft_phi-4-multimodal-instruct,medium,34.565809444851205,0.2070041735183021,,-0.0612244897959184,-0.1773210700613403,0.2352072173798542
base_6_image,microsoft_phi-4-multimodal-instruct,long,-18.985797580159872,0.3470202865397774,,,-0.6208716420125,0.2352175513066983
base_6_image,mistralai_mistral-small-3.2-24b-instruct,short,9.381283294070371,0.1348581679275693,,,0.2347190961042237,0.2352175513066983
base_6_image,mistralai_mistral-small-3.2-24b-instruct,medium,12.885471382803804,0.1530310331319624,,93.9999999999986,0.4328670434752791,0.2352072173798542
base_6_image,mistralai_mistral-small-3.2-24b-instruct,long,36.9378396360529,0.1259199393317121,,,0.1944306226786142,0.2352175513066983
base_6_image,anthropic_claude-3.7-sonnet,short,21.06642100303148,0.1462895676806676,,,0.1235766453094224,0.2352175513066983
base_6_image,anthropic_claude-3.7-sonnet,medium,40.20014169014586,0.0752161949201681,,2.130434782608688,-0.0410955536259086,0.2352072173798542
base_6_image,anthropic_claude-3.7-sonnet,long,39.80639630849981,0.0723284949166029,,,0.0288779896256462,0.2352175513066983
base_6_image,gemma-3-4b-it,short,7.712472775159077,0.2949190770345789,,,-0.122429105674328,0.2352175513066983
base_6_image,gemma-3-4b-it,medium,3.4308271004307,0.1075358395347374,,2.033333333333334,-0.1451501154195624,0.2352072173798542
base_6_image,gemma-3-4b-it,long,-4.391548010826636,0.0502711934408128,,,-0.1691600217438457,0.2352175513066983
base_2_text_image,google_gemini-2.5-flash-lite,short,29.756881907423853,0.13844683720675,,,0.2988015015374202,0.2352175513066983
base_2_text_image,google_gemini-2.5-flash-lite,medium,26.9864401242358,0.1322486158192068,,0.7664233576642334,0.7724449357861718,0.2352072173798542
base_2_text_image,google_gemini-2.5-flash-lite,long,30.98300031958305,0.0714824024239171,,,0.5394765076054746,0.2352175513066983
base_2_text_image,meta-llama_llama-4-maverick,short,,0.0679625852594521,,,0.3532016214136441,0.2553266768589525
base_2_text_image,meta-llama_llama-4-maverick,medium,,0.0794881502618127,,0.9074074074074084,0.4723700194638516,0.2553167230274631
base_2_text_image,meta-llama_llama-4-maverick,long,38.17752052211496,0.0772493617088288,,,0.3322344614889029,0.2352175513066983
base_2_text_image,openai_gpt-4o-2024-08-06,short,27.171020719414543,0.1924917446222302,,,0.4626392546877831,0.2352175513066983
base_2_text_image,openai_gpt-4o-2024-08-06,medium,41.825552156492094,0.060754941366067,,1.2500000000000009,0.2895918583435352,0.2352072173798542
base_2_text_image,openai_gpt-4o-2024-08-06,long,,0.0633444010653435,,,0.1985843354348807,0.2764154547860064
base_2_text_image,qwen_qwen2.5-vl-32b-instruct,short,18.51532622446793,0.1598023014326942,,,0.4833551288702036,0.2352175513066983
base_2_text_image,qwen_qwen2.5-vl-32b-instruct,medium,49.3208690434718,0.0954600657010615,,-0.0361445783132537,0.1483178718295912,0.2352072173798542
base_2_text_image,qwen_qwen2.5-vl-32b-instruct,long,49.25601489060793,0.0953504530333224,,,0.2303699810576674,0.2352175513066983
base_2_text_image,GPT-5 Mini,short,52.88961414218031,0.1255175085659047,,,0.3061781619485807,0.2352175513066983
base_2_text_image,GPT-5 Mini,medium,47.65541378057451,0.0532291088213044,,-2.374999999999967,0.2283544397816311,0.2352072173798542
base_2_text_image,GPT-5 Mini,long,49.62339844066122,0.0243689436663168,,,0.1469233587215643,0.2352175513066983
base_2_text_image,microsoft_phi-4-multimodal-instruct,short,32.92922682354792,0.1809691790940715,,,0.0314936431651119,0.2352175513066983
base_2_text_image,microsoft_phi-4-multimodal-instruct,medium,6.805440872677917,0.2068785021177233,,0.6363636363636361,-0.4477465432633532,0.2352072173798542
base_2_text_image,microsoft_phi-4-multimodal-instruct,long,45.29257737006468,0.2452365265047743,,,-0.5619006562188363,0.2352175513066983
base_2_text_image,mistralai_mistral-small-3.2-24b-instruct,short,19.850135860172536,0.2465735140850634,,,0.1721998214018865,0.2352175513066983
base_2_text_image,mistralai_mistral-small-3.2-24b-instruct,medium,48.30145912278007,0.1472154917322078,,1.1632653061224492,0.0810069463555504,0.2352072173798542
base_2_text_image,mistralai_mistral-small-3.2-24b-instruct,long,44.090750449017335,0.0799379702114864,,,0.4436296604643163,0.2352175513066983
base_2_text_image,anthropic_claude-3.7-sonnet,short,43.749348291330726,0.0833992477760115,,,-0.0212151153551045,0.2352175513066983
base_2_text_image,anthropic_claude-3.7-sonnet,medium,45.12268688914075,0.0375191864870576,,-0.6999999999999994,0.3518540258211954,0.2352072173798542
base_2_text_image,anthropic_claude-3.7-sonnet,long,39.78229748005445,0.0420926689197745,,,0.1129847641281583,0.2352175513066983
base_2_text_image,gemma-3-4b-it,short,12.123005859152707,0.0956583162344431,,,-0.5682598591223147,0.2352175513066983
base_2_text_image,gemma-3-4b-it,medium,-0.2407506566522921,0.0871734086482548,,1.0761904761904764,-0.1332967523739457,0.2352072173798542
base_2_text_image,gemma-3-4b-it,long,-12.135615610836076,0.1054707832662637,,,0.1122260694478849,0.2352175513066983
base_7_text_image,google_gemini-2.5-flash-lite,short,23.61383066532991,0.2262447310667703,1.6995371248022455,,0.194651098057293,0.099341070710358
base_7_text_image,google_gemini-2.5-flash-lite,medium,33.17386379037264,0.2819041050906545,,1.5059978189749197,0.5641253404738821,0.0993372305579385
base_7_text_image,google_gemini-2.5-flash-lite,long,39.29134111281463,0.1176753454045632,,,0.4906895005312917,0.099341070710358
base_7_text_image,meta-llama_llama-4-maverick,short,30.74104093572037,0.1388702236951501,2.3363135448269032,,0.0391516129967778,0.1063923533249747
base_7_text_image,meta-llama_llama-4-maverick,medium,28.38506121413224,0.1813217960383861,,-1.17133616638675,0.3065111207689247,0.0938098992011907
base_7_text_image,meta-llama_llama-4-maverick,long,42.0243380859486,0.1282542911759154,,,0.1470861956009119,0.0988408551914194
base_7_text_image,openai_gpt-4o-2024-08-06,short,45.262919306596295,0.2183741590451031,2.3100654591009397,,0.2112739008185587,0.099341070710358
base_7_text_image,openai_gpt-4o-2024-08-06,medium,43.71200550877056,0.1377012300814642,,-0.077537242974563,0.1009109908452482,0.0834290061545282
base_7_text_image,openai_gpt-4o-2024-08-06,long,42.88215920011913,0.0620339915638371,,,0.0577020910602566,0.099341070710358
base_7_text_image,qwen_qwen2.5-vl-32b-instruct,short,29.280726805318672,0.2314358568537095,0.5169397836113558,,0.1957324994957079,0.099341070710358
base_7_text_image,qwen_qwen2.5-vl-32b-instruct,medium,56.04946018189039,0.2111619143938475,,-5.285714285714286,0.0614338237689545,0.0993372305579385
base_7_text_image,qwen_qwen2.5-vl-32b-instruct,long,51.47493211282053,0.1306256156462656,,,0.14467548612104,0.099341070710358
base_7_text_image,GPT-5 Mini,short,55.16093126583968,0.1594542321623152,-1.9547296467448247,,0.1352868836813246,0.099341070710358
base_7_text_image,GPT-5 Mini,medium,47.29273244450391,0.08350365167188,,-1.8571428571428603,0.0029982389645567,0.0993372305579385
base_7_text_image,GPT-5 Mini,long,49.77305337499112,0.0476203540019846,,,0.0825559714335817,0.099341070710358
base_7_text_image,microsoft_phi-4-multimodal-instruct,short,42.95022985406582,0.2167563797586693,-2.0826599596375885,,-0.1038658573235156,0.099341070710358
base_7_text_image,microsoft_phi-4-multimodal-instruct,medium,36.649163003644595,0.2392098238510046,,-1.5820895522388054,-0.1513540636696688,0.0993372305579385
base_7_text_image,microsoft_phi-4-multimodal-instruct,long,48.09164285992051,0.3111842594963695,,,-0.0848287438823678,0.099341070710358
base_7_text_image,mistralai_mistral-small-3.2-24b-instruct,short,37.09203274736809,0.2638315331559522,-1.7227707135012784,,0.1633056564891634,0.099341070710358
base_7_text_image,mistralai_mistral-small-3.2-24b-instruct,medium,51.23971758484842,0.1620116935884892,,-0.8117647058823527,0.0285359560177793,0.0993372305579385
base_7_text_image,mistralai_mistral-small-3.2-24b-instruct,long,56.765660640807,0.1387865256074075,,,0.2151593698764245,0.099341070710358
base_7_text_image,anthropic_claude-3.7-sonnet,short,49.84325818633626,0.1226030527532199,-2.473451994086121,,0.1792089774396952,0.099341070710358
base_7_text_image,anthropic_claude-3.7-sonnet,medium,47.72158432103487,0.077601252503315,,-11.0,0.048646767048424,0.0993372305579385
base_7_text_image,anthropic_claude-3.7-sonnet,long,47.248907533677446,0.0430970487921359,,,-0.0049470688378589,0.099341070710358
base_7_text_image,gemma-3-4b-it,short,3.914709590929131,0.1968402059118881,3.216680339723512,,-0.5550320106850708,0.099341070710358
base_7_text_image,gemma-3-4b-it,medium,2.6359801167481063,0.209670455345387,,0.211175020542321,-0.2742242705026951,0.0993372305579385
base_7_text_image,gemma-3-4b-it,long,13.580678457276278,0.2133727538181358,,,-0.3469590276095275,0.099341070710358
base_2_image,google_gemini-2.5-flash-lite,short,0.7263703365834349,0.2088124494383801,,,0.2455279728072765,0.2352175513066983
base_2_image,google_gemini-2.5-flash-lite,medium,12.240105557695342,0.0802648013262921,,1.4827586206896557,0.1376771007981056,0.2352072173798542
base_2_image,google_gemini-2.5-flash-lite,long,0.9530578386868744,0.0298313355175888,,,0.262360923387769,0.2352175513066983
base_2_image,meta-llama_llama-4-maverick,short,40.25637260365992,0.1944895248361399,,,0.2392517808855387,0.2352175513066983
base_2_image,meta-llama_llama-4-maverick,medium,2.8158327420316445,0.0321992770017884,,3.9285714285714346,-0.3352495014560406,0.2352072173798542
base_2_image,meta-llama_llama-4-maverick,long,31.21814191960029,0.1193324699817866,,,0.0622323823177978,0.2352175513066983
base_2_image,openai_gpt-4o-2024-08-06,short,31.33442722129656,0.0881701206538538,,,0.2885634963598393,0.2352175513066983
base_2_image,openai_gpt-4o-2024-08-06,medium,40.26124400337024,0.0635378980528769,,1.25,0.3381511819331938,0.2352072173798542
base_2_image,openai_gpt-4o-2024-08-06,long,35.35428494244392,0.0693644733227028,,,0.188855794946394,0.2352175513066983
base_2_image,qwen_qwen2.5-vl-32b-instruct,short,26.967526606340577,0.2466346892556538,,,0.0756294749155511,0.2352175513066983
base_2_image,qwen_qwen2.5-vl-32b-instruct,medium,57.969565664292446,0.1322673083937757,,-15.0,0.2314027459388939,0.2352072173798542
base_2_image,qwen_qwen2.5-vl-32b-instruct,long,47.88301809674262,0.0337530665440849,,,0.3444275500426101,0.2352175513066983
base_2_image,GPT-5 Mini,short,54.571693748542536,0.0741704273252194,,,0.2961480211354959,0.2352175513066983
base_2_image,GPT-5 Mini,medium,31.5385353902786,0.0266845885069173,,0.2142857142857135,0.0871689390482984,0.2352072173798542
base_2_image,GPT-5 Mini,long,45.86777777153904,0.0245311867798228,,,0.173618712604011,0.2352175513066983
base_2_image,microsoft_phi-4-multimodal-instruct,short,48.45809795663997,0.2062117002187676,,,-0.2457686786947714,0.2352175513066983
base_2_image,microsoft_phi-4-multimodal-instruct,medium,35.69919438120849,0.2507045093744691,,0.7834394904458591,-0.4638472555844481,0.2352072173798542
base_2_image,microsoft_phi-4-multimodal-instruct,long,23.59565383075777,0.2978828918698428,,,-0.3956735098286412,0.2352175513066983
base_2_image,mistralai_mistral-small-3.2-24b-instruct,short,10.577586912991569,0.3312381120650424,,,0.6047300048262827,0.2352175513066983
base_2_image,mistralai_mistral-small-3.2-24b-instruct,medium,19.76605837243823,0.3082031099568655,,1.4366197183098597,0.5167111934078549,0.2352072173798542
base_2_image,mistralai_mistral-small-3.2-24b-instruct,long,42.08965853990369,0.0873396478520523,,,0.1288752375255505,0.2352175513066983
base_2_image,anthropic_claude-3.7-sonnet,short,29.29169892732604,0.1900036715310398,,,0.230574281654887,0.2352175513066983
base_2_image,anthropic_claude-3.7-sonnet,medium,42.83633715706453,0.0635272619027995,,6.333333333333349,0.0507468943599382,0.2352072173798542
base_2_image,anthropic_claude-3.7-sonnet,long,31.16349986979709,0.0634847554110311,,,0.1609696503408444,0.2352175513066983
base_2_image,gemma-3-4b-it,short,5.7879383308836685,0.1099326465711968,,,0.626641740842157,0.2352175513066983
base_2_image,gemma-3-4b-it,medium,7.967866482372836,0.1037439554652966,,1.144578313253012,-0.3765334800413162,0.2352072173798542
base_2_image,gemma-3-4b-it,long,-9.688166611652465,0.0784072133665753,,,-0.4849401310213606,0.2352175513066983
base_7_image,google_gemini-2.5-flash-lite,short,2.9088949725470745,0.0981652066052424,18.721627540049635,,0.3440717622242417,0.099341070710358
base_7_image,google_gemini-2.5-flash-lite,medium,9.192448480941664,0.1193373113144802,,19.53061224489803,0.5295353741176034,0.0993372305579385
base_7_image,google_gemini-2.5-flash-lite,long,5.906143588389441,0.0961539364280219,,,0.6924746185401482,0.099341070710358
base_7_image,meta-llama_llama-4-maverick,short,38.88517572163893,0.3230447148957949,-1.0973688199144065,,0.1568347733189719,0.099341070710358
base_7_image,meta-llama_llama-4-maverick,medium,10.627770246385206,0.1284855984762924,,-0.132075471698112,-0.1144383442834981,0.0993372305579385
base_7_image,meta-llama_llama-4-maverick,long,30.854511323899143,0.0769296272141482,,,0.0212374910699948,0.099341070710358
base_7_image,openai_gpt-4o-2024-08-06,short,44.83565972642303,0.3660597558315576,-0.385051597628934,,0.1699058182674007,0.099341070710358
base_7_image,openai_gpt-4o-2024-08-06,medium,44.22999284472295,0.1723993076824754,,0.3333333333333317,0.2561725812080953,0.0993372305579385
base_7_image,openai_gpt-4o-2024-08-06,long,44.44224214150149,0.0805961375042986,,,0.011681636135818,0.099341070710358
base_7_image,qwen_qwen2.5-vl-32b-instruct,short,37.67579651614403,0.4162684957570166,1.0472305219544689,,0.1550848828894001,0.099341070710358
base_7_image,qwen_qwen2.5-vl-32b-instruct,medium,59.59515410484054,0.2499463567954956,,-0.6363636363636364,0.1282100875061747,0.0993372305579385
base_7_image,qwen_qwen2.5-vl-32b-instruct,long,57.27263402876241,0.123071939328159,,,0.2236609303830787,0.099341070710358
base_7_image,GPT-5 Mini,short,50.94269544464685,0.2094579427904118,-1.5841375201754313,,0.0641653841694605,0.099341070710358
base_7_image,GPT-5 Mini,medium,34.00271157771223,0.0720338326723676,,-1.0521739130434784,-0.0117875823694702,0.0993372305579385
base_7_image,GPT-5 Mini,long,44.230150045503024,0.0565849346055624,,,0.0454789846004487,0.099341070710358
base_7_image,microsoft_phi-4-multimodal-instruct,short,33.099739530034164,0.5090879317182403,-0.1686947072141153,,-0.6835933231796573,0.099341070710358
base_7_image,microsoft_phi-4-multimodal-instruct,medium,30.151014794937225,0.4512767511550828,,-1.2857142857142856,-0.2531598072503663,0.0993372305579385
base_7_image,microsoft_phi-4-multimodal-instruct,long,10.359248703585294,0.454664593725839,,,-0.2684795858051481,0.099341070710358
base_7_image,mistralai_mistral-small-3.2-24b-instruct,short,-1.8937811479917157,1.1168850779363744,2.081041179461594,,0.9825971763559246,0.099341070710358
base_7_image,mistralai_mistral-small-3.2-24b-instruct,medium,44.01010323516816,0.4723801411856673,,0.5346534653465341,0.3330976289119576,0.0993372305579385
base_7_image,mistralai_mistral-small-3.2-24b-instruct,long,50.50382422390751,0.1263436829093506,,,0.202838187859795,0.099341070710358
base_7_image,anthropic_claude-3.7-sonnet,short,57.154645658527066,0.4386560029570643,-7.727898409523007,,-0.0860263620178494,0.099341070710358
base_7_image,anthropic_claude-3.7-sonnet,medium,54.003270805967354,0.4029758968785771,,-1.4637681159420295,-0.0946681494694513,0.0993372305579385
base_7_image,anthropic_claude-3.7-sonnet,long,27.99535964542806,0.0863644110209831,,,0.0645197563004889,0.099341070710358
base_7_image,gemma-3-4b-it,short,9.762877188346556,0.2997296452565359,-3.542120798858641,,-0.7439892475588817,0.099341070710358
base_7_image,gemma-3-4b-it,medium,6.898956591050485,0.2181609810584195,,-47.00000000000102,-0.5023608047518605,0.0993372305579385
base_7_image,gemma-3-4b-it,long,7.754210893702059,0.2573264711630896,,,-0.6219850863540458,0.099341070710358
base_8_text,google_gemini-2.5-flash-lite,short,43.21327529711891,0.1146984226161752,,,0.27398108926029,0.2352175513066983
base_8_text,google_gemini-2.5-flash-lite,medium,47.11723933648052,0.0899837938271623,,-0.8699556127808089,0.2847636143765232,0.2352072173798542
base_8_text,google_gemini-2.5-flash-lite,long,38.78285052307806,0.0613711565929458,,,0.222144364533303,0.2352175513066982
base_8_text,meta-llama_llama-4-maverick,short,32.09800205948902,0.1095397772609239,,,0.3531503182098198,0.2220091971860792
base_8_text,meta-llama_llama-4-maverick,medium,41.98295031812039,0.0917308516119437,,-0.9331005132626204,0.4531503337996816,0.2256190198356528
base_8_text,meta-llama_llama-4-maverick,long,42.12263454622192,0.1696141132952056,,,0.3237243896794519,0.225629185115669
base_8_text,openai_gpt-4o-2024-08-06,short,41.925922537354104,0.1894291323706326,,,0.3766212902587649,0.2352175513066983
base_8_text,openai_gpt-4o-2024-08-06,medium,46.23188166882831,0.1201777848997068,,-1.0168776371308017,0.2602154189998711,0.2352072173798542
base_8_text,openai_gpt-4o-2024-08-06,long,41.803441701687454,0.0798464486090891,,,-0.1692016679939006,0.2352175513066982
base_8_text,qwen_qwen2.5-vl-32b-instruct,short,34.05316130343726,0.1112846355858882,,,0.3419683559854742,0.2352175513066983
base_8_text,qwen_qwen2.5-vl-32b-instruct,medium,43.97156991565184,0.0976356358117479,,-0.6747055524397081,0.1711059409754876,0.2352072173798542
base_8_text,qwen_qwen2.5-vl-32b-instruct,long,44.947258932452094,0.093774198465596,,,0.3839951761550973,0.2352175513066982
base_8_text,GPT-5 Mini,short,41.993109457442344,0.0695671094981755,,,0.1921312430192073,0.2352175513066983
base_8_text,GPT-5 Mini,medium,43.59461505923904,0.0310042188866766,,-0.5852787257705021,0.2912968971344613,0.2352072173798542
base_8_text,GPT-5 Mini,long,45.35017870136122,0.0136559349709905,,,0.2308731389542955,0.2352175513066982
base_8_text,microsoft_phi-4-multimodal-instruct,short,39.11831878085541,0.1197784178665499,,,0.0359349663075014,0.2352175513066983
base_8_text,microsoft_phi-4-multimodal-instruct,medium,18.959905893802176,0.1278748605498386,,-0.4329113924050634,-0.0090121144798163,0.2352072173798542
base_8_text,microsoft_phi-4-multimodal-instruct,long,25.91314067132473,0.1512679934638713,,,-0.0361064409337345,0.2352175513066982
base_8_text,mistralai_mistral-small-3.2-24b-instruct,short,43.492419045903866,0.1483396398207617,,,0.2289344550773689,0.2352175513066983
base_8_text,mistralai_mistral-small-3.2-24b-instruct,medium,44.39359727772704,0.1184226687148762,,-2.7142857142857126,0.1072196358287223,0.2352072173798542
base_8_text,mistralai_mistral-small-3.2-24b-instruct,long,47.65890898880253,0.1518683617150893,,,0.2201842252743977,0.2352175513066982
base_8_text,anthropic_claude-3.7-sonnet,short,46.50215276998491,0.0791379143544527,,,0.1992651909312888,0.2352175513066983
base_8_text,anthropic_claude-3.7-sonnet,medium,50.18438324639551,0.0581795471137168,,-1.6923076923076938,0.2450708389844222,0.2352072173798542
base_8_text,anthropic_claude-3.7-sonnet,long,46.92155353743411,0.0340606265336673,,,0.2256220683659494,0.2352175513066982
base_8_text,gemma-3-4b-it,short,33.59076302762236,0.1008696654394604,,,-0.4255159585546939,0.2352175513066983
base_8_text,gemma-3-4b-it,medium,12.973451876318586,0.0823043268827635,,0.1468253968253967,-0.430233964386433,0.2352072173798542
base_8_text,gemma-3-4b-it,long,21.443390515221218,0.1226343942556279,,,-0.1158477354618058,0.2352175513066982
base_4_text,google_gemini-2.5-flash-lite,short,48.65598972485828,0.235116960839691,,,0.2441082754580257,0.2352175513066983
base_4_text,google_gemini-2.5-flash-lite,medium,37.54050280077471,0.1403985813021325,,-0.6333919385296607,0.1546339178245619,0.2352072173798542
base_4_text,google_gemini-2.5-flash-lite,long,41.96345245431252,0.0792894819413289,,,0.0425580764221493,0.2352175513066983
base_4_text,meta-llama_llama-4-maverick,short,,0.1718606355891759,,,-0.1351557740911604,0.1724938693298464
base_4_text,meta-llama_llama-4-maverick,medium,,0.1276738608941571,,3.7102803738317776,0.2067555346513039,0.1318993358495293
base_4_text,meta-llama_llama-4-maverick,long,,0.1345828080399733,,,0.1964481795760061,0.1704195314218364
base_4_text,openai_gpt-4o-2024-08-06,short,39.0442207428064,0.3420201427260445,,,0.1544951479395828,0.2352175513066983
base_4_text,openai_gpt-4o-2024-08-06,medium,43.044852829800895,0.1978994657121946,,-5.822429906542035,0.1884718306502202,0.2352072173798542
base_4_text,openai_gpt-4o-2024-08-06,long,39.6091866633205,0.1184110573780283,,,0.0134082809130282,0.2352175513066983
base_4_text,qwen_qwen2.5-vl-32b-instruct,short,31.7976138932956,0.2663078169476809,,,-0.0333227753745192,0.2352175513066983
base_4_text,qwen_qwen2.5-vl-32b-instruct,medium,31.348937474848796,0.2125658720689651,,-0.5428571428571424,-0.0445125846596222,0.2352072173798542
base_4_text,qwen_qwen2.5-vl-32b-instruct,long,35.41531863467742,0.1205050051188578,,,-0.157373713077928,0.2352175513066983
base_4_text,GPT-5 Mini,short,44.15356334620474,0.046357640907617,,,0.2041291143310843,0.2352175513066983
base_4_text,GPT-5 Mini,medium,44.87292337180243,0.026369835504989,,-1.3897566137348183,0.2838539299290263,0.2352072173798542
base_4_text,GPT-5 Mini,long,45.734835696829634,0.0416974392429417,,,0.1672212398134019,0.2352175513066983
base_4_text,microsoft_phi-4-multimodal-instruct,short,38.40262628169091,0.3048017665930968,,,-0.1088110578423078,0.2352175513066983
base_4_text,microsoft_phi-4-multimodal-instruct,medium,20.961152486208498,0.2324316592456242,,-0.2542372881355928,-0.0137970911757973,0.2352072173798542
base_4_text,microsoft_phi-4-multimodal-instruct,long,26.12386107787834,0.3986668825721519,,,-0.4070653039222851,0.2352175513066983
base_4_text,mistralai_mistral-small-3.2-24b-instruct,short,38.13246467376269,0.1623802506050474,,,0.1390954091735464,0.2352175513066983
base_4_text,mistralai_mistral-small-3.2-24b-instruct,medium,42.9143570139357,0.1565082108709519,,-1.9756097560975596,0.0939470748554773,0.2352072173798542
base_4_text,mistralai_mistral-small-3.2-24b-instruct,long,39.53554647127343,0.1591608971636841,,,0.3925296404092238,0.2352175513066983
base_4_text,anthropic_claude-3.7-sonnet,short,49.036103020711224,0.2487330772807704,,,0.0499607581129106,0.2352175513066983
base_4_text,anthropic_claude-3.7-sonnet,medium,42.19899270306077,0.1085946709570478,,-1.11764705882353,0.1511382917383219,0.2352072173798542
base_4_text,anthropic_claude-3.7-sonnet,long,36.79871126391947,0.0481987912429124,,,0.2838565940701869,0.2352175513066983
base_4_text,gemma-3-4b-it,short,33.73614743321218,0.1588883817798793,,,-0.20685053334382,0.2352175513066983
base_4_text,gemma-3-4b-it,medium,3.55886730833587,0.180546393735048,,0.0427350427350426,-0.5590129569223451,0.2352072173798542
base_4_text,gemma-3-4b-it,long,15.96727865379579,0.2871436888623955,,,-0.398086894821054,0.2352175513066983
base_5_image,google_gemini-2.5-flash-lite,short,3.3255148439001214,0.2110143135829298,,,0.3691821377775062,0.2352175513066983
base_5_image,google_gemini-2.5-flash-lite,medium,16.71391518969624,0.1103477225326703,,1.022206800832755,0.3821708681983609,0.2352072173798542
base_5_image,google_gemini-2.5-flash-lite,long,14.611350277784917,0.0694783167154611,,,0.5284449641496085,0.2352175513066983
base_5_image,meta-llama_llama-4-maverick,short,55.72656479085797,0.1835652899011199,,,0.477250809531876,0.2352175513066983
base_5_image,meta-llama_llama-4-maverick,medium,18.69263711932241,0.2013186954972393,,-1.7631578947368431,-0.0743965982064913,0.2352072173798542
base_5_image,meta-llama_llama-4-maverick,long,0.3472899919063927,0.1459362287654833,,,-0.0809589277984963,0.2352175513066983
base_5_image,openai_gpt-4o-2024-08-06,short,33.97271840717689,0.394487466617131,,,0.3684337656825339,0.2352175513066983
base_5_image,openai_gpt-4o-2024-08-06,medium,46.26153431232269,0.1732818349352987,,0.0270270270270273,0.3778741443969124,0.2352072173798542
base_5_image,openai_gpt-4o-2024-08-06,long,41.95233316664548,0.0378891644175607,,,0.4309543337267097,0.2352175513066983
base_5_image,qwen_qwen2.5-vl-32b-instruct,short,51.54207891535376,0.3469331851024727,,,0.410286939764189,0.2352175513066983
base_5_image,qwen_qwen2.5-vl-32b-instruct,medium,53.231552320498814,0.1585038907055562,,-0.0584878744650496,-0.0097219153295504,0.2352072173798542
base_5_image,qwen_qwen2.5-vl-32b-instruct,long,41.71266920538527,0.2289477936590425,,,0.1073520092804472,0.2352175513066983
base_5_image,GPT-5 Mini,short,53.84134518895503,0.1137055482291862,,,0.1663434170302363,0.2352175513066983
base_5_image,GPT-5 Mini,medium,33.84742410671182,0.0363416889271649,,-0.8260869565217391,0.1446321769609071,0.2352072173798542
base_5_image,GPT-5 Mini,long,44.9288650445991,0.0464652533038566,,,0.1049624103773761,0.2352175513066983
base_5_image,microsoft_phi-4-multimodal-instruct,short,39.42349027776881,0.2529557581478088,,,-0.5972245955887888,0.2352175513066983
base_5_image,microsoft_phi-4-multimodal-instruct,medium,28.013733099870453,0.2050125342937444,,-0.0338983050847458,-0.3874316700447025,0.2352072173798542
base_5_image,microsoft_phi-4-multimodal-instruct,long,15.350245881985238,0.2444768504082907,,,-0.2651514960934714,0.2352175513066983
base_5_image,mistralai_mistral-small-3.2-24b-instruct,short,45.79762376546708,0.2805451401302566,,,0.2322641648103253,0.2352175513066983
base_5_image,mistralai_mistral-small-3.2-24b-instruct,medium,40.41836932764608,0.117515196602484,,6.4074074074073994,0.094699346674809,0.2352072173798542
base_5_image,mistralai_mistral-small-3.2-24b-instruct,long,57.10913796626117,0.0520616636410064,,,0.4850697032770166,0.2352175513066983
base_5_image,anthropic_claude-3.7-sonnet,short,51.678095469886536,0.1846165704737014,,,0.1137702205296642,0.2352175513066983
base_5_image,anthropic_claude-3.7-sonnet,medium,49.75394727936376,0.0698205852440998,,-1.0701754385964912,0.1958369978389763,0.2352072173798542
base_5_image,anthropic_claude-3.7-sonnet,long,25.417592266161837,0.0753685618692444,,,-0.2484519481143063,0.2352175513066983
base_5_image,gemma-3-4b-it,short,12.948477092542715,0.2524927183215488,,,-0.5133160975648685,0.2352175513066983
base_5_image,gemma-3-4b-it,medium,-11.502188720484368,0.1580488544919863,,1.705882352941176,-0.2441635088497007,0.2352072173798542
base_5_image,gemma-3-4b-it,long,8.634148009228095,0.268957676596385,,,-0.6074549678207151,0.2352175513066983
base_1_image,google_gemini-2.5-flash-lite,short,0.133467345396544,0.0374107850447325,,,-0.3005511649498005,0.2352175513066983
base_1_image,google_gemini-2.5-flash-lite,medium,11.477753094532904,0.0805101047173257,,1.3012939001848425,0.3137766231579417,0.2352072173798542
base_1_image,google_gemini-2.5-flash-lite,long,2.3352398532474554,0.0469264045954688,,,0.5389438238931422,0.2352175513066983
base_1_image,meta-llama_llama-4-maverick,short,46.54253409308097,0.1990076260661586,,,0.3552746235460876,0.2352175513066983
base_1_image,meta-llama_llama-4-maverick,medium,9.36051275454374,0.0330096618957669,,-0.7746478873239435,-0.2823464633136178,0.2352072173798542
base_1_image,meta-llama_llama-4-maverick,long,30.801288047659583,0.0403582752188176,,,-0.2445963839506222,0.2352175513066983
base_1_image,openai_gpt-4o-2024-08-06,short,39.81536007687156,0.1852650335493877,,,0.2611863563987334,0.2352175513066983
base_1_image,openai_gpt-4o-2024-08-06,medium,41.504259337542265,0.0638580313585338,,-2.055555555555559,0.2155089063729934,0.2352072173798542
base_1_image,openai_gpt-4o-2024-08-06,long,41.49310786874712,0.0438831397660412,,,0.0601756244148419,0.2352175513066983
base_1_image,qwen_qwen2.5-vl-32b-instruct,short,39.17235468891105,0.439113360845416,,,-0.0053167359030937,0.2352175513066983
base_1_image,qwen_qwen2.5-vl-32b-instruct,medium,61.02704172635157,0.2248432287617408,,-0.0270270270270255,0.2815477334020801,0.2352072173798542
base_1_image,qwen_qwen2.5-vl-32b-instruct,long,52.85828208001599,0.0701492415707314,,,0.3979355882383128,0.2352175513066983
base_1_image,GPT-5 Mini,short,55.213692947596904,0.0652682641465802,,,0.318674610893187,0.2352175513066983
base_1_image,GPT-5 Mini,medium,33.50198109102045,0.041573844963867,,-0.8000000000000018,0.0611156500091315,0.2352072173798542
base_1_image,GPT-5 Mini,long,46.01679474698079,0.0423033447674633,,,0.0578189096144905,0.2352175513066983
base_1_image,microsoft_phi-4-multimodal-instruct,short,51.26112171472847,0.2162145375256836,,,-0.2183075287529678,0.2352175513066983
base_1_image,microsoft_phi-4-multimodal-instruct,medium,28.45764109828344,0.2294168102487114,,1.588235294117647,-0.3572567647032252,0.2352072173798542
base_1_image,microsoft_phi-4-multimodal-instruct,long,-3.6627727055654056,0.1502408084945792,,,-0.5819972498864365,0.2352175513066983
base_1_image,mistralai_mistral-small-3.2-24b-instruct,short,9.108299057548216,0.4324397476821637,,,0.2308324869681975,0.2352175513066983
base_1_image,mistralai_mistral-small-3.2-24b-instruct,medium,45.981872431923954,0.367112064070602,,-1.289473684210528,0.0677029187636323,0.2352072173798542
base_1_image,mistralai_mistral-small-3.2-24b-instruct,long,55.188555808867505,0.2377953751690735,,,-0.0796822806104505,0.2352175513066983
base_1_image,anthropic_claude-3.7-sonnet,short,55.42069844012518,0.5063882208950921,,,-0.1891325510413243,0.2352175513066983
base_1_image,anthropic_claude-3.7-sonnet,medium,48.71151740905807,0.1372338990422597,,-0.540540540540541,0.1065670252418734,0.2352072173798542
base_1_image,anthropic_claude-3.7-sonnet,long,40.21832950884164,0.0908691421952149,,,-0.0403271496084334,0.2352175513066983
base_1_image,gemma-3-4b-it,short,3.606498301775399,0.045889440679739,,,-0.2826012923267998,0.2352175513066983
base_1_image,gemma-3-4b-it,medium,14.118719987070516,0.0823446876117901,,-1.131868131868132,-0.4194425459365536,0.2352072173798542
base_1_image,gemma-3-4b-it,long,19.05589442204678,0.0877972701208713,,,0.1608992193133411,0.2352175513066983
base_5_text_image,google_gemini-2.5-flash-lite,short,28.402155205725567,0.1863628963372237,,,0.0865474590528178,0.2352175513066983
base_5_text_image,google_gemini-2.5-flash-lite,medium,27.712091496383792,0.0999747369850503,,0.1863425925925926,0.7502937192084711,0.2352072173798542
base_5_text_image,google_gemini-2.5-flash-lite,long,34.67090940752446,0.0936845212658061,,,0.69679599566615,0.2352175513066983
base_5_text_image,meta-llama_llama-4-maverick,short,,0.1233460120464505,,,0.2237711398075262,0.2553266768589525
base_5_text_image,meta-llama_llama-4-maverick,medium,33.92995347143595,0.1050845568641955,,-1.1869158878504686,0.5719729671426709,0.2352072173798542
base_5_text_image,meta-llama_llama-4-maverick,long,48.180246559986735,0.0857491313654242,,,0.2784964885173354,0.2352175513066983
base_5_text_image,openai_gpt-4o-2024-08-06,short,36.943110068363346,0.3148409270120956,,,0.4511017876650364,0.2352175513066983
base_5_text_image,openai_gpt-4o-2024-08-06,medium,40.63242994550199,0.0671230870799783,,2.0434782608695654,0.1719043240914882,0.2352072173798542
base_5_text_image,openai_gpt-4o-2024-08-06,long,42.865702848565206,0.0674396829752948,,,0.4409606085424266,0.2352175513066983
base_5_text_image,qwen_qwen2.5-vl-32b-instruct,short,35.52907843489135,0.1623229281983755,,,0.3973308617473191,0.2352175513066983
base_5_text_image,qwen_qwen2.5-vl-32b-instruct,medium,45.38876093326604,0.0925183439586152,,0.8,0.2938333458182662,0.2352072173798542
base_5_text_image,qwen_qwen2.5-vl-32b-instruct,long,47.29185391386233,0.0951835880172464,,,0.5606378710815181,0.2352175513066983
base_5_text_image,GPT-5 Mini,short,52.99640767646544,0.1520025151592222,,,0.2168822900585592,0.2352175513066983
base_5_text_image,GPT-5 Mini,medium,45.54739898940724,0.0544535950124894,,-1.9285014691478943,0.2776153646192191,0.2352072173798542
base_5_text_image,GPT-5 Mini,long,45.224402565995625,0.0464166066671403,,,0.0762375637620656,0.2352175513066983
base_5_text_image,microsoft_phi-4-multimodal-instruct,short,50.30554412378659,0.169550164091824,,,0.0651735159899477,0.2352175513066983
base_5_text_image,microsoft_phi-4-multimodal-instruct,medium,32.1340567587496,0.2331781667120368,,-0.9166666666666669,-0.174639455824494,0.2352072173798542
base_5_text_image,microsoft_phi-4-multimodal-instruct,long,44.893224355876065,0.1933535108644987,,,-0.3680525012433333,0.2352175513066983
base_5_text_image,mistralai_mistral-small-3.2-24b-instruct,short,40.13308080490864,0.1561892894307362,,,0.048104720789069,0.2352175513066983
base_5_text_image,mistralai_mistral-small-3.2-24b-instruct,medium,50.70548559166224,0.1036514156270892,,1.2469135802469122,0.1945311220346434,0.2352072173798542
base_5_text_image,mistralai_mistral-small-3.2-24b-instruct,long,53.945299155886566,0.081714250194734,,,0.4703019764382889,0.2352175513066983
base_5_text_image,anthropic_claude-3.7-sonnet,short,51.86294539685267,0.1187923358092363,,,-0.0087916561425678,0.2352175513066983
base_5_text_image,anthropic_claude-3.7-sonnet,medium,50.35944547891212,0.0605364723082423,,-1.8928571428571448,0.2522462202240833,0.2352072173798542
base_5_text_image,anthropic_claude-3.7-sonnet,long,46.619206992845214,0.027554265780332,,,0.0765433903946963,0.2352175513066983
base_5_text_image,gemma-3-4b-it,short,18.556543715898357,0.2443656485098382,,,-0.6464910877925261,0.2352175513066983
base_5_text_image,gemma-3-4b-it,medium,16.437152900180646,0.1165921968224812,,-0.2449812306185733,-0.5992753153127842,0.2352072173798542
base_5_text_image,gemma-3-4b-it,long,20.398473998411177,0.264047812036643,,,-0.6194375852981301,0.2352175513066983
base_8_text_image,google_gemini-2.5-flash-lite,short,20.70268426277974,0.1138838524353804,,,0.3372561110762082,0.2352175513066983
base_8_text_image,google_gemini-2.5-flash-lite,medium,43.615787482244365,0.1095695412805474,,0.943283582089552,0.572588915058938,0.2352072173798542
base_8_text_image,google_gemini-2.5-flash-lite,long,41.47524834627537,0.0832533346551743,,,0.648666217864957,0.2352175513066982
base_8_text_image,meta-llama_llama-4-maverick,short,36.843867497286666,0.1537816286667561,,,0.2918249538730852,0.2256291851156691
base_8_text_image,meta-llama_llama-4-maverick,medium,38.00925372025033,0.0853999208571191,,-0.5903614457831328,0.1543432671105224,0.2352072173798542
base_8_text_image,meta-llama_llama-4-maverick,long,40.004015640431824,0.0848268275180063,,,0.1055430981487893,0.2322142643678191
base_8_text_image,openai_gpt-4o-2024-08-06,short,45.26543819472412,0.1655500286295798,,,0.2023931171399496,0.2352175513066983
base_8_text_image,openai_gpt-4o-2024-08-06,medium,44.646174993866175,0.0663875447035407,,0.5081967213114782,0.2608397744902914,0.2256190198356528
base_8_text_image,openai_gpt-4o-2024-08-06,long,48.76451095758149,0.0634751889736962,,,0.1705805649887027,0.2352175513066982
base_8_text_image,qwen_qwen2.5-vl-32b-instruct,short,38.051987585286064,0.2746182569662497,,,0.0219136339013963,0.2352175513066983
base_8_text_image,qwen_qwen2.5-vl-32b-instruct,medium,54.330215763412994,0.1764555284839177,,,-0.0265495082116363,0.2322039829415458
base_8_text_image,qwen_qwen2.5-vl-32b-instruct,long,49.976401318222955,0.0925981894380593,,,0.305937904406352,0.2352175513066982
base_8_text_image,GPT-5 Mini,short,52.25052022351443,0.1709252474862631,,,0.2193423313604581,0.2352175513066983
base_8_text_image,GPT-5 Mini,medium,46.06540949758734,0.0962643241842183,,-2.1717831559228236,0.1543910932112734,0.2352072173798542
base_8_text_image,GPT-5 Mini,long,49.526525727474386,0.0298613583973828,,,0.1850825808327923,0.2352175513066982
base_8_text_image,microsoft_phi-4-multimodal-instruct,short,39.5752894739294,0.2161974439942076,,,-0.0453639541074039,0.2352175513066983
base_8_text_image,microsoft_phi-4-multimodal-instruct,medium,38.85720758845784,0.2108028125156956,,-1.146341463414634,0.0038596735009757,0.2352072173798542
base_8_text_image,microsoft_phi-4-multimodal-instruct,long,56.54457918043728,0.1959029524089423,,,-0.2241005496395873,0.2352175513066982
base_8_text_image,mistralai_mistral-small-3.2-24b-instruct,short,41.38370668955346,0.2277802078727805,,,0.1351058346108994,0.2352175513066983
base_8_text_image,mistralai_mistral-small-3.2-24b-instruct,medium,51.21719773384886,0.1457522011653466,,-0.7222222222222221,0.0845780510967031,0.2352072173798542
base_8_text_image,mistralai_mistral-small-3.2-24b-instruct,long,56.039014987894454,0.1135525205982782,,,0.2987564489148697,0.2352175513066982
base_8_text_image,anthropic_claude-3.7-sonnet,short,40.37669369191575,0.1861654511512752,,,0.1654821624191459,0.2352175513066983
base_8_text_image,anthropic_claude-3.7-sonnet,medium,50.51411637979832,0.0872821847300907,,-0.4333333333333341,0.2452889940090774,0.2352072173798542
base_8_text_image,anthropic_claude-3.7-sonnet,long,44.74863857856712,0.0340924460218502,,,0.3054457780244773,0.2352175513066982
base_8_text_image,gemma-3-4b-it,short,9.55844909522832,0.1418741222675799,,,-0.6321740497894913,0.2352175513066983
base_8_text_image,gemma-3-4b-it,medium,0.6631583776297915,0.187662788054533,,-0.1569551202578713,-0.5995684331009276,0.2352072173798542
base_8_text_image,gemma-3-4b-it,long,-13.599428942887211,0.1762574996512846,,,-0.6151899380783078,0.2352175513066982
base_3_image,google_gemini-2.5-flash-lite,short,1.4407502672327148,0.2223657703545471,,,0.1504579168990866,0.2352175513066983
base_3_image,google_gemini-2.5-flash-lite,medium,3.953234966195686,0.0440022218554075,,-0.0952380952380947,-0.1264742530204673,0.2352072173798542
base_3_image,google_gemini-2.5-flash-lite,long,23.420755173710955,0.0826329653027931,,,0.4093725056841014,0.2352175513066983
base_3_image,meta-llama_llama-4-maverick,short,51.661835360853914,0.2544313273140153,,,0.3127334230116659,0.2352175513066983
base_3_image,meta-llama_llama-4-maverick,medium,14.94491290122509,0.1553640252478231,,-5.8888888888889195,-0.3012082963604359,0.2352072173798542
base_3_image,meta-llama_llama-4-maverick,long,33.288038339937316,0.1492430662388635,,,-0.1094933843909919,0.2352175513066983
base_3_image,openai_gpt-4o-2024-08-06,short,,0.2178700720756286,,,-0.0313296717076268,0.2764154547860064
base_3_image,openai_gpt-4o-2024-08-06,medium,,0.0890722153106195,,0.818181818181818,-0.1731288106626426,0.2553167230274631
base_3_image,openai_gpt-4o-2024-08-06,long,46.471270281309,0.0339503239985656,,,0.3618758522412223,0.2352175513066983
base_3_image,qwen_qwen2.5-vl-32b-instruct,short,49.41463838866227,0.3068968811220694,,,0.0809729010444716,0.2352175513066983
base_3_image,qwen_qwen2.5-vl-32b-instruct,medium,55.51540603851768,0.1420696113932948,,-0.8571428571428571,0.2659805893218827,0.2352072173798542
base_3_image,qwen_qwen2.5-vl-32b-instruct,long,49.39887453004231,0.0633018264581348,,,0.3694928597074712,0.2352175513066983
base_3_image,GPT-5 Mini,short,54.0364544931472,0.1080437067062093,,,0.4104281889841146,0.2352175513066983
base_3_image,GPT-5 Mini,medium,28.25164399712252,0.0278545833006324,,-1.5714285714285714,0.0713458951970986,0.2352072173798542
base_3_image,GPT-5 Mini,long,43.08809102193429,0.0313503720780879,,,-0.098662212835181,0.2352175513066983
base_3_image,microsoft_phi-4-multimodal-instruct,short,10.534980420962295,0.4191296571827737,,,-0.4127817256577175,0.2352175513066983
base_3_image,microsoft_phi-4-multimodal-instruct,medium,32.04374258917515,0.2638869725178012,,-1.7559055118110234,-0.2154986020876716,0.2352072173798542
base_3_image,microsoft_phi-4-multimodal-instruct,long,31.602704084271785,0.2585514399921422,,,-0.3556874157500275,0.2352175513066983
base_3_image,mistralai_mistral-small-3.2-24b-instruct,short,57.24012206844626,0.1990014577736606,,,0.3066318766674702,0.2352175513066983
base_3_image,mistralai_mistral-small-3.2-24b-instruct,medium,49.20596157127743,0.2324117386156698,,-4.62592926927146e-15,0.0957240883461506,0.2352072173798542
base_3_image,mistralai_mistral-small-3.2-24b-instruct,long,49.57649661244158,0.0934800574789608,,,0.3707133418170316,0.2352175513066983
base_3_image,anthropic_claude-3.7-sonnet,short,59.237849397688855,0.1761861704005352,,,0.5021090617423954,0.2352175513066983
base_3_image,anthropic_claude-3.7-sonnet,medium,47.216374951296935,0.0926957994580021,,-2.826086956521739,0.2217272653603134,0.2352072173798542
base_3_image,anthropic_claude-3.7-sonnet,long,35.079910357651535,0.071846426132082,,,-0.2586685330843928,0.2352175513066983
base_3_image,gemma-3-4b-it,short,-34.47794083186014,0.3024171796981655,,,-0.6485512254869781,0.2352175513066983
base_3_image,gemma-3-4b-it,medium,-31.362730937378625,0.3093078751240793,,1.8192771084337336,-0.7457219671418057,0.2352072173798542
base_3_image,gemma-3-4b-it,long,-25.58140233952728,0.3447377094107025,,,-0.6336363582535527,0.2352175513066983
base_6_text_image,google_gemini-2.5-flash-lite,short,29.686573942162823,0.269452012049735,,,0.1795318661495047,0.2352175513066983
base_6_text_image,google_gemini-2.5-flash-lite,medium,25.260088439015473,0.1126542464743016,,1.1724137931034464,0.5382634429105526,0.2352072173798542
base_6_text_image,google_gemini-2.5-flash-lite,long,35.56535589795116,0.0443748418360518,,,0.3754405576492886,0.2352175513066983
base_6_text_image,meta-llama_llama-4-maverick,short,,0.1048690847347059,,,0.3979594331447972,0.2553266768589525
base_6_text_image,meta-llama_llama-4-maverick,medium,,0.0552855087431186,,1.780487804878047,0.3505698283853404,0.2553167230274631
base_6_text_image,meta-llama_llama-4-maverick,long,,0.0609072814727628,,,0.3738800210321816,0.2553266768589526
base_6_text_image,openai_gpt-4o-2024-08-06,short,26.028234882139945,0.1369866602812516,,,0.4482629431525815,0.2352175513066983
base_6_text_image,openai_gpt-4o-2024-08-06,medium,29.36553023858492,0.0949860428227519,,64.99999999999633,0.3667692674410793,0.2352072173798542
base_6_text_image,openai_gpt-4o-2024-08-06,long,28.28020953091201,0.0645242040604024,,,0.1444583124284458,0.2352175513066983
base_6_text_image,qwen_qwen2.5-vl-32b-instruct,short,17.296479410354515,0.1313438470092498,,,0.4268588691479572,0.2352175513066983
base_6_text_image,qwen_qwen2.5-vl-32b-instruct,medium,47.27056509726955,0.1573895896727335,,0.4999999999999996,-0.0442251243511609,0.2352072173798542
base_6_text_image,qwen_qwen2.5-vl-32b-instruct,long,37.2415036581326,0.0665185311113174,,,0.1255076318871052,0.2352175513066983
base_6_text_image,GPT-5 Mini,short,51.549121617559614,0.1753469385429397,,,0.318761915855599,0.2352175513066983
base_6_text_image,GPT-5 Mini,medium,47.069457945486654,0.0641198876099826,,-360287970189639.0,0.2158149234320018,0.2352072173798542
base_6_text_image,GPT-5 Mini,long,49.39406443852556,0.0244342444954377,,,0.0897430586327534,0.2352175513066983
base_6_text_image,microsoft_phi-4-multimodal-instruct,short,32.65600612871163,0.2483105345253585,,,0.2988382588988516,0.2352175513066983
base_6_text_image,microsoft_phi-4-multimodal-instruct,medium,37.837001991529704,0.2591995735365994,,-2.2777777777777786,-0.0329380650998842,0.2352072173798542
base_6_text_image,microsoft_phi-4-multimodal-instruct,long,42.152391116745335,0.1641850149644957,,,-0.4080891679800559,0.2352175513066983
base_6_text_image,mistralai_mistral-small-3.2-24b-instruct,short,20.648378904420024,0.2945422699064109,,,0.1744120856048693,0.2352175513066983
base_6_text_image,mistralai_mistral-small-3.2-24b-instruct,medium,44.896145043382,0.1156877990692119,,0.2747252747252745,0.1018548754226624,0.2352072173798542
base_6_text_image,mistralai_mistral-small-3.2-24b-instruct,long,42.01239618570422,0.0719530685592524,,,0.1284411142535832,0.2352175513066983
base_6_text_image,anthropic_claude-3.7-sonnet,short,44.668237623169354,0.04437359843249,,,-0.2027488004633992,0.2352175513066983
base_6_text_image,anthropic_claude-3.7-sonnet,medium,43.50796486440233,0.0398782577111731,,-3.6153846153846265,0.2577721937248321,0.2352072173798542
base_6_text_image,anthropic_claude-3.7-sonnet,long,39.91622849196248,0.0542432153321757,,,0.0583418116494849,0.2352175513066983
base_6_text_image,gemma-3-4b-it,short,8.540085671451013,0.1263968051479382,,,-0.4076172216885816,0.2352175513066983
base_6_text_image,gemma-3-4b-it,medium,6.664418284855117,0.0779596846015773,,1.620689655172412,-0.7627293235764151,0.2352072173798542
base_6_text_image,gemma-3-4b-it,long,-5.943645479019871,0.0603296511024129,,,-0.1677041616200181,0.2352175513066983
base_6_text,google_gemini-2.5-flash-lite,short,42.71019684293408,0.1265763314658183,,,0.3567052327466535,0.2352175513066983
base_6_text,google_gemini-2.5-flash-lite,medium,42.6030891034519,0.0660107265515056,,-4.312499999999993,0.4324221228865299,0.2352072173798542
base_6_text,google_gemini-2.5-flash-lite,long,43.89557491724532,0.0457252174802884,,,0.2932969055343842,0.2352175513066983
base_6_text,meta-llama_llama-4-maverick,short,,0.1236875501492231,,,0.2664950988869892,0.2764154547860064
base_6_text,meta-llama_llama-4-maverick,medium,,,,1.9473684210526303,0.4700283529667415,0.3460481837705305
base_6_text,meta-llama_llama-4-maverick,long,,,,,0.2030764387126752,0.3217314873085427
base_6_text,openai_gpt-4o-2024-08-06,short,14.551943189530478,0.1354866468313681,,,0.5908831250209879,0.2352175513066983
base_6_text,openai_gpt-4o-2024-08-06,medium,15.080836232911166,0.0702724979906785,,82.00000000000107,0.3161501674144553,0.2352072173798542
base_6_text,openai_gpt-4o-2024-08-06,long,15.229382743852868,0.0436478393128577,,,0.0413364236878953,0.2352175513066983
base_6_text,qwen_qwen2.5-vl-32b-instruct,short,27.8916623692913,0.0781572453637788,,,0.3721857808402453,0.2352175513066983
base_6_text,qwen_qwen2.5-vl-32b-instruct,medium,32.32264025470067,0.0717377368190577,,-0.373737373737373,0.4107677012970332,0.2352072173798542
base_6_text,qwen_qwen2.5-vl-32b-instruct,long,23.9595127769158,0.0573677164179944,,,0.1345984501482952,0.2352175513066983
base_6_text,GPT-5 Mini,short,40.34333843907937,0.0482765887934232,,,0.1942322595143661,0.2352175513066983
base_6_text,GPT-5 Mini,medium,43.51572568838843,0.0375538742955378,,1.1886301097803225,0.2818946058747799,0.2352072173798542
base_6_text,GPT-5 Mini,long,44.990439234537504,0.0160988365389553,,,0.233851647727063,0.2352175513066983
base_6_text,microsoft_phi-4-multimodal-instruct,short,30.23910398560059,0.1149105922332351,,,0.0767141022988441,0.2352175513066983
base_6_text,microsoft_phi-4-multimodal-instruct,medium,5.843057587973515,0.142886975735748,,7.162162162162172,-0.4928066505492867,0.2352072173798542
base_6_text,microsoft_phi-4-multimodal-instruct,long,13.201750253790884,0.1221029312665357,,,-0.0251171187153906,0.2352175513066983
base_6_text,mistralai_mistral-small-3.2-24b-instruct,short,25.71950963364127,0.1574230381949525,,,0.1408474112852096,0.2352175513066983
base_6_text,mistralai_mistral-small-3.2-24b-instruct,medium,39.3444968617279,0.095675250188192,,1.622222222222223,0.2299066708366247,0.2352072173798542
base_6_text,mistralai_mistral-small-3.2-24b-instruct,long,35.814780255815165,0.1012109858466555,,,0.3234680058507924,0.2352175513066983
base_6_text,anthropic_claude-3.7-sonnet,short,29.446142910278297,0.1157967763874314,,,0.0913242762336185,0.2352175513066983
base_6_text,anthropic_claude-3.7-sonnet,medium,42.74057436261455,0.0310952455565316,,-1.2,0.2632964582113077,0.2352072173798542
base_6_text,anthropic_claude-3.7-sonnet,long,41.61068917522581,0.0243839434114641,,,0.1945182815171718,0.2352175513066983
base_6_text,gemma-3-4b-it,short,8.016457604388863,0.2335800934422101,,,-0.4156094548600431,0.2352175513066983
base_6_text,gemma-3-4b-it,medium,10.040676974416602,0.1448147066547464,,0.6901408450704228,-0.3352359894563265,0.2352072173798542
base_6_text,gemma-3-4b-it,long,12.56525633016741,0.0804613091416301,,,0.0253024286736251,0.2352175513066983
base_7_text,google_gemini-2.5-flash-lite,short,42.745935194381744,0.2120246658277966,1.3979388459935864,,0.3510320317385866,0.099341070710358
base_7_text,google_gemini-2.5-flash-lite,medium,45.73691424457307,0.1429770975691922,,-3.629629629629633,0.1046571128131822,0.0993372305579385
base_7_text,google_gemini-2.5-flash-lite,long,50.85642958804358,0.0901573955215453,,,0.1423809115741196,0.099341070710358
base_7_text,meta-llama_llama-4-maverick,short,24.077421280911167,0.1356776931296985,1.2886687692546792,,-0.0596897547300985,0.1285178536217291
base_7_text,meta-llama_llama-4-maverick,medium,25.813420240330583,0.1528693628320379,,-0.2677740032946045,0.1196355898755983,0.1135993600532983
base_7_text,meta-llama_llama-4-maverick,long,32.424618721585176,0.1457797759343143,,,-0.0566963483036442,0.1209760435289171
base_7_text,openai_gpt-4o-2024-08-06,short,40.514781178102574,0.2528496138540484,1.4406148614530192,,0.4419877375643261,0.099341070710358
base_7_text,openai_gpt-4o-2024-08-06,medium,46.55728310583023,0.1976123164491023,,-47.000000000001705,0.1922772066865673,0.0993372305579385
base_7_text,openai_gpt-4o-2024-08-06,long,42.24897743842596,0.0993640364790696,,,-0.033939049292936,0.099341070710358
base_7_text,qwen_qwen2.5-vl-32b-instruct,short,30.97803425982913,0.1866827600692733,1.4832050556286798,,0.2277055969654481,0.099341070710358
base_7_text,qwen_qwen2.5-vl-32b-instruct,medium,41.00805217341908,0.1624433070563466,,0.1737704918032789,0.2877770976135717,0.0993372305579385
base_7_text,qwen_qwen2.5-vl-32b-instruct,long,42.44145562746736,0.1032974210730935,,,0.1634426852932077,0.099341070710358
base_7_text,GPT-5 Mini,short,44.46919897005068,0.0634070987419211,1.7757412818457146,,0.1018620390995438,0.099341070710358
base_7_text,GPT-5 Mini,medium,44.1206032594189,0.0363370829002626,,-41.55743591446373,0.1291521521250318,0.0993372305579385
base_7_text,GPT-5 Mini,long,45.09961418762269,0.0269210194549389,,,0.0638447354307395,0.099341070710358
base_7_text,microsoft_phi-4-multimodal-instruct,short,35.72332185842417,0.1317544680786134,-0.1492523921038595,,0.0654418285106886,0.099341070710358
base_7_text,microsoft_phi-4-multimodal-instruct,medium,7.978797301907328,0.2211624857199949,,0.8248175182481751,-0.3094355562912288,0.0993372305579385
base_7_text,microsoft_phi-4-multimodal-instruct,long,29.700225453199153,0.2033412034587128,,,0.0877493183471991,0.099341070710358
base_7_text,mistralai_mistral-small-3.2-24b-instruct,short,38.668862637182414,0.1749562252794321,-0.6157745889401757,,0.2291181961608095,0.099341070710358
base_7_text,mistralai_mistral-small-3.2-24b-instruct,medium,47.07113100352657,0.1400920042618449,,-0.4833333333333334,0.1048860638779121,0.0993372305579385
base_7_text,mistralai_mistral-small-3.2-24b-instruct,long,52.6399504127377,0.1420453718557946,,,0.0129307887020098,0.099341070710358
base_7_text,anthropic_claude-3.7-sonnet,short,48.52713169495027,0.119435873139054,0.5926614554429486,,0.1364850889199437,0.099341070710358
base_7_text,anthropic_claude-3.7-sonnet,medium,45.70311379325079,0.068941121145603,,-2.2222222222222223,0.1664562835526563,0.0993372305579385
base_7_text,anthropic_claude-3.7-sonnet,long,47.70986408550752,0.0610112096077073,,,0.0621742036158451,0.099341070710358
base_7_text,gemma-3-4b-it,short,25.468936176981252,0.1713337001359869,0.3228732015003794,,-0.5295228657431094,0.099341070710358
base_7_text,gemma-3-4b-it,medium,17.535863134590716,0.1229337258912925,,-2.6000000000000023,0.0647051825926459,0.0993372305579385
base_7_text,gemma-3-4b-it,long,17.3934757012848,0.1606368158450931,,,-0.244619264270006,0.099341070710358
base_3_text_image,google_gemini-2.5-flash-lite,short,33.87653959472254,0.2141405801070311,,,0.2287570172879543,0.2352175513066983
base_3_text_image,google_gemini-2.5-flash-lite,medium,22.503935627508795,0.137146887674028,,0.0666666666666682,0.7580984475538336,0.2352072173798542
base_3_text_image,google_gemini-2.5-flash-lite,long,38.21857992312248,0.0945471248669867,,,0.47870258475503,0.2352175513066983
base_3_text_image,meta-llama_llama-4-maverick,short,25.239406759232093,0.0773937867046038,,,0.208536295988545,0.2352175513066983
base_3_text_image,meta-llama_llama-4-maverick,medium,,0.097165816665664,,-1.9113924050632964,0.5734219694224044,0.2985247444722297
base_3_text_image,meta-llama_llama-4-maverick,long,,0.062553525394467,,,0.3208212294842269,0.2764154547860064
base_3_text_image,openai_gpt-4o-2024-08-06,short,45.383959115300925,0.1703072899570317,,,0.0629698569102693,0.2352175513066983
base_3_text_image,openai_gpt-4o-2024-08-06,medium,35.98496044503271,0.0685266274148084,,-1.1818181818181854,0.302257215464101,0.2352072173798542
base_3_text_image,openai_gpt-4o-2024-08-06,long,39.78171905137997,0.052683786521466,,,0.1248559126028095,0.2352175513066983
base_3_text_image,qwen_qwen2.5-vl-32b-instruct,short,29.88069959022042,0.170568272334129,,,0.0946643008465001,0.2352175513066983
base_3_text_image,qwen_qwen2.5-vl-32b-instruct,medium,45.40596384789298,0.1119254905488108,,-6.0,0.3839798938699566,0.2352072173798542
base_3_text_image,qwen_qwen2.5-vl-32b-instruct,long,43.24149308633767,0.1227523546382559,,,0.357072373626643,0.2352175513066983
base_3_text_image,GPT-5 Mini,short,52.877401959864805,0.1442499159381261,,,0.304039785111425,0.2352175513066983
base_3_text_image,GPT-5 Mini,medium,44.03478441373319,0.0706191992336137,,-5.922509225092247,0.2408799681695523,0.2352072173798542
base_3_text_image,GPT-5 Mini,long,45.96949781941971,0.0361866310287562,,,-0.0981474386239028,0.2352175513066983
base_3_text_image,microsoft_phi-4-multimodal-instruct,short,50.71536662745938,0.2089913217636697,,,0.118933701401036,0.2352175513066983
base_3_text_image,microsoft_phi-4-multimodal-instruct,medium,33.54814100632375,0.2195176234862702,,-0.3442622950819671,0.144346199180455,0.2352072173798542
base_3_text_image,microsoft_phi-4-multimodal-instruct,long,37.586052451816066,0.2239550761532547,,,-0.253320379666926,0.2352175513066983
base_3_text_image,mistralai_mistral-small-3.2-24b-instruct,short,49.14430468869782,0.1589332992939346,,,0.2028495544948872,0.2352175513066983
base_3_text_image,mistralai_mistral-small-3.2-24b-instruct,medium,49.30317185722168,0.0965463749195662,,-9.000000000000089,0.2043764575764153,0.2352072173798542
base_3_text_image,mistralai_mistral-small-3.2-24b-instruct,long,55.844722313631365,0.0745448645100988,,,0.2615706135535606,0.2352175513066983
base_3_text_image,anthropic_claude-3.7-sonnet,short,51.93591062443612,0.1450020424103377,,,0.1787475792389634,0.2352175513066983
base_3_text_image,anthropic_claude-3.7-sonnet,medium,49.85652280374656,0.0450761051416205,,-1.1951219512195124,0.2625050926114999,0.2352072173798542
base_3_text_image,anthropic_claude-3.7-sonnet,long,47.38686573679065,0.0357882561793662,,,0.1551299117506852,0.2352175513066983
base_3_text_image,gemma-3-4b-it,short,26.103879254051396,0.1707740033833214,,,-0.8234256490800044,0.2352175513066983
base_3_text_image,gemma-3-4b-it,medium,19.669995989744898,0.1753461462615947,,-0.8831884917297441,-0.7072775555203497,0.2352072173798542
base_3_text_image,gemma-3-4b-it,long,15.216710995305474,0.2223225447697051,,,-0.5679960104629415,0.2352175513066983
base_4_text_image,google_gemini-2.5-flash-lite,short,39.05811887142795,0.2430475970093717,,,0.1538758084575887,0.2352175513066983
base_4_text_image,google_gemini-2.5-flash-lite,medium,51.19609417451825,0.1086483960046085,,1.1531100478468883,0.4802509979382394,0.2352072173798542
base_4_text_image,google_gemini-2.5-flash-lite,long,45.57044637498557,0.0741802372766837,,,0.4881802438023829,0.2352175513066983
base_4_text_image,meta-llama_llama-4-maverick,short,,0.1292439835793127,,,0.1109328658886297,0.1492255630084395
base_4_text_image,meta-llama_llama-4-maverick,medium,31.737363809498166,0.1255055347865978,,-1.0235294117647058,0.3949748202007617,0.2352072173798542
base_4_text_image,meta-llama_llama-4-maverick,long,,0.1126556096287495,,,0.0594074812977061,0.2630131364733147
base_4_text_image,openai_gpt-4o-2024-08-06,short,43.17946128632832,0.1965777476716629,,,0.2058324719764454,0.2352175513066983
base_4_text_image,openai_gpt-4o-2024-08-06,medium,,0.0849858253223293,,-2.75,0.2663707690789867,0.2071764814066007
base_4_text_image,openai_gpt-4o-2024-08-06,long,45.32055735611224,0.0603108903348443,,,0.1612698126820166,0.2352175513066983
base_4_text_image,qwen_qwen2.5-vl-32b-instruct,short,39.20010601005843,0.4602309761339107,,,0.2494279518629748,0.2352175513066983
base_4_text_image,qwen_qwen2.5-vl-32b-instruct,medium,53.3207680243691,0.3085309000892088,,-1.8000000000000018,0.0984504963715663,0.2352072173798542
base_4_text_image,qwen_qwen2.5-vl-32b-instruct,long,52.04666569185585,0.1620109562312698,,,0.1229856767232242,0.2352175513066983
base_4_text_image,GPT-5 Mini,short,48.81805257168564,0.1861883899969394,,,0.1170153987917584,0.2352175513066983
base_4_text_image,GPT-5 Mini,medium,44.90353313618627,0.0924046061950331,,-0.784355179704013,0.2279610271497061,0.2352072173798542
base_4_text_image,GPT-5 Mini,long,51.948996421615504,0.0363941036569351,,,0.1642259712827583,0.2352175513066983
base_4_text_image,microsoft_phi-4-multimodal-instruct,short,36.57391362357969,0.3106358164210741,,,-0.1801022634281919,0.2352175513066983
base_4_text_image,microsoft_phi-4-multimodal-instruct,medium,44.68984752959019,0.3237228704360206,,-0.6374269005847953,-0.2790344406583598,0.2352072173798542
base_4_text_image,microsoft_phi-4-multimodal-instruct,long,26.57047805422433,0.5990889471677084,,,-0.4840133431182302,0.2352175513066983
base_4_text_image,mistralai_mistral-small-3.2-24b-instruct,short,39.18514750493979,0.2574793661507997,,,-0.0136591429441066,0.2352175513066983
base_4_text_image,mistralai_mistral-small-3.2-24b-instruct,medium,49.293127600983006,0.1795476540913956,,-0.3230769230769242,0.013203985050109,0.2352072173798542
base_4_text_image,mistralai_mistral-small-3.2-24b-instruct,long,54.55354837729639,0.1346656727487529,,,0.2652910758550562,0.2352175513066983
base_4_text_image,anthropic_claude-3.7-sonnet,short,48.4869299547904,0.2275885592874783,,,0.3226586402285183,0.2352175513066983
base_4_text_image,anthropic_claude-3.7-sonnet,medium,36.29115238696237,0.1155876623817945,,0.199999999999999,0.0140146003544559,0.2352072173798542
base_4_text_image,anthropic_claude-3.7-sonnet,long,39.2010558227179,0.0851003112355398,,,0.1618642889552526,0.2352175513066983
base_4_text_image,gemma-3-4b-it,short,6.205319662994074,0.2141713003704563,,,-0.2861676237036892,0.2352175513066983
base_4_text_image,gemma-3-4b-it,medium,12.239956914787143,0.1583197601089276,,0.4503816793893132,-0.4160541015983933,0.2352072173798542
base_4_text_image,gemma-3-4b-it,long,14.219599316343784,0.1687066373182345,,,-0.367252076106573,0.2352175513066983
base_image,google_gemini-2.5-flash-lite,short,3.6286855856359295,0.0851000446211586,,,0.442009281420917,0.2352175513066983
base_image,google_gemini-2.5-flash-lite,medium,10.935777969931028,0.1203359717323521,,1.2542372881355934,0.4690649270726267,0.2352072173798542
base_image,google_gemini-2.5-flash-lite,long,5.192526988184534,0.0424192179521536,,,0.2143676897060319,0.2352175513066983
base_image,meta-llama_llama-4-maverick,short,44.62434356332653,0.1766574410034884,,,0.3842392563567026,0.2352175513066983
base_image,meta-llama_llama-4-maverick,medium,23.582214033035836,0.1059127188494312,,-0.7853107344632769,-0.1642235747828413,0.2352072173798542
base_image,meta-llama_llama-4-maverick,long,35.96633043946028,0.1279575671126325,,,-0.1730842115926702,0.2352175513066983
base_image,openai_gpt-4o-2024-08-06,short,39.27455260949107,0.4157901101753178,,,0.1862806692324283,0.2352175513066983
base_image,openai_gpt-4o-2024-08-06,medium,44.620232625952305,0.0987271661055135,,-0.8333333333333329,0.2955525822508155,0.2352072173798542
base_image,openai_gpt-4o-2024-08-06,long,41.54201318195668,0.0667345913113328,,,0.1171788470100325,0.2352175513066983
base_image,qwen_qwen2.5-vl-32b-instruct,short,38.808291542001065,0.4372256288420345,,,0.10437521589283,0.2352175513066983
base_image,qwen_qwen2.5-vl-32b-instruct,medium,61.26394678025259,0.239015816976658,,-1.3999999999999977,0.3155959039136766,0.2352072173798542
base_image,qwen_qwen2.5-vl-32b-instruct,long,50.80436152372306,0.0921959733870555,,,0.2881450911030068,0.2352175513066983
base_image,GPT-5 Mini,short,55.26417148972211,0.1034459574951175,,,0.3057379191647623,0.2352175513066983
base_image,GPT-5 Mini,medium,37.306542898346486,0.0448570455166365,,-0.7977528089887628,0.1261664482365121,0.2352072173798542
base_image,GPT-5 Mini,long,45.1583499025959,0.0464575767248868,,,0.0586683964511694,0.2352175513066983
base_image,microsoft_phi-4-multimodal-instruct,short,33.33471206390298,0.368812180905034,,,-0.8865033357625945,0.2352175513066983
base_image,microsoft_phi-4-multimodal-instruct,medium,30.395542520890753,0.2877239169169677,,0.2336892052194547,-0.4241699870333118,0.2352072173798542
base_image,microsoft_phi-4-multimodal-instruct,long,-12.07850122214065,0.3229390488214352,,,-0.4205211106891356,0.2352175513066983
base_image,mistralai_mistral-small-3.2-24b-instruct,short,9.456902308674424,0.8339258709431796,,,0.7288342530862241,0.2352175513066983
base_image,mistralai_mistral-small-3.2-24b-instruct,medium,29.390496293561498,0.3827765125470067,,0.8283828382838282,0.5981505387246282,0.2352072173798542
base_image,mistralai_mistral-small-3.2-24b-instruct,long,46.251589588328066,0.1109658138365288,,,0.3783197262223108,0.2352175513066983
base_image,anthropic_claude-3.7-sonnet,short,60.0989033557857,0.2419727013453647,,,0.0733524149504839,0.2352175513066983
base_image,anthropic_claude-3.7-sonnet,medium,52.80363075705711,0.1431203132569991,,-0.465909090909091,0.0704287344209599,0.2352072173798542
base_image,anthropic_claude-3.7-sonnet,long,42.53108962059921,0.0629936023955408,,,-0.0316118133972745,0.2352175513066983
base_image,gemma-3-4b-it,short,9.675093319975351,0.2770415632087356,,,-0.7065387962704172,0.2352175513066983
base_image,gemma-3-4b-it,medium,-1.2759577597267155,0.1705641557388245,,1.0,-0.6083694119349078,0.2352072173798542
base_image,gemma-3-4b-it,long,11.81880005252298,0.1572618684976908,,,-0.6494414984554603,0.2352175513066983
base_text,google_gemini-2.5-flash-lite,short,41.253234531526346,0.1370430396856733,,,0.390630549165295,0.2352175513066983
base_text,google_gemini-2.5-flash-lite,medium,43.6622927156956,0.0773989697209897,,-6.37407157326132,0.4040843250714107,0.2352072173798542
base_text,google_gemini-2.5-flash-lite,long,49.73420263024826,0.0696243045286868,,,0.2900763359122285,0.2352175513066983
base_text,meta-llama_llama-4-maverick,short,,,,,0.3215644828870762,0.3460563605442668
base_text,meta-llama_llama-4-maverick,medium,,0.1181043914622541,,-0.8709677419354871,0.3778748684964873,0.2985247444722296
base_text,meta-llama_llama-4-maverick,long,,0.0551551859794435,,,0.2259366499945554,0.2985338633218581
base_text,openai_gpt-4o-2024-08-06,short,40.45932351614646,0.1588433634964607,,,0.5187606527486475,0.2352175513066983
base_text,openai_gpt-4o-2024-08-06,medium,46.033848925436125,0.0954222194662641,,-0.5763799743260588,0.4308011895523874,0.2352072173798542
base_text,openai_gpt-4o-2024-08-06,long,42.96906378287536,0.0504635222971609,,,0.2136856257224698,0.2352175513066983
base_text,qwen_qwen2.5-vl-32b-instruct,short,30.75242299045661,0.0912175864499688,,,0.5747910627535371,0.2352175513066983
base_text,qwen_qwen2.5-vl-32b-instruct,medium,38.68025215634842,0.1098725912110368,,-0.1451612903225809,0.4773992473709304,0.2352072173798542
base_text,qwen_qwen2.5-vl-32b-instruct,long,43.14387153449411,0.0796701921565036,,,0.4575487466799657,0.2352175513066983
base_text,GPT-5 Mini,short,44.034915001873905,0.0403807269213657,,,0.1960266661205695,0.2352175513066983
base_text,GPT-5 Mini,medium,45.15994428890295,0.0297576227433191,,-3.600536435889894,0.2642173134445267,0.2352072173798542
base_text,GPT-5 Mini,long,45.54248339633872,0.0163991779779306,,,0.217994073962343,0.2352175513066983
base_text,microsoft_phi-4-multimodal-instruct,short,38.62776395291989,0.0906354504512611,,,0.1770028474892084,0.2352175513066983
base_text,microsoft_phi-4-multimodal-instruct,medium,7.92906251929275,0.1350609193724683,,4.293413173652696,-0.3412405224040488,0.2352072173798542
base_text,microsoft_phi-4-multimodal-instruct,long,26.96485114088093,0.0819236341115374,,,0.0099387680859184,0.2352175513066983
base_text,mistralai_mistral-small-3.2-24b-instruct,short,43.62160236086199,0.1673573918508418,,,0.2009061599028435,0.2352175513066983
base_text,mistralai_mistral-small-3.2-24b-instruct,medium,45.704572492950206,0.0909380335778545,,0.1590909090909085,0.2104794532559451,0.2352072173798542
base_text,mistralai_mistral-small-3.2-24b-instruct,long,47.765005993437605,0.1123654202574687,,,0.445950203644712,0.2352175513066983
base_text,anthropic_claude-3.7-sonnet,short,46.81509875341117,0.0919254733729964,,,0.1903836778327894,0.2352175513066983
base_text,anthropic_claude-3.7-sonnet,medium,46.189266069614106,0.037570330791861,,-1.000000000000009,0.3831328214298952,0.2352072173798542
base_text,anthropic_claude-3.7-sonnet,long,45.92332299727577,0.0320887139203724,,,0.2672118972186681,0.2352175513066983
base_text,gemma-3-4b-it,short,29.455582402503772,0.163684488905417,,,-0.8187090283242727,0.2352175513066983
base_text,gemma-3-4b-it,medium,29.133706161730593,0.1293613716076599,,-5.631578947368421,0.1581120898247476,0.2352072173798542
base_text,gemma-3-4b-it,long,26.457517472044863,0.1275825895441092,,,-0.2192598272283178,0.2352175513066983
base_8_image,google_gemini-2.5-flash-lite,short,0.8908856341624605,0.1793852811571989,,,0.5548128806288036,0.2352175513066983
base_8_image,google_gemini-2.5-flash-lite,medium,80.23284879223995,0.3844537750140939,,-0.9799787610619468,0.3735453329913896,0.2352072173798542
base_8_image,google_gemini-2.5-flash-lite,long,31.517994002057584,0.1245194033210115,,,0.4222756828722551,0.2352175513066982
base_8_image,meta-llama_llama-4-maverick,short,43.672082611035954,0.0365553779870459,,,0.3169027634861326,0.2352175513066983
base_8_image,meta-llama_llama-4-maverick,medium,3.4632409374521527,0.0384274438987395,,-1.434782608695652,-0.3297991556808306,0.2352072173798542
base_8_image,meta-llama_llama-4-maverick,long,15.540725340475548,0.0662718213867943,,,-0.476999492346639,0.2352175513066982
base_8_image,openai_gpt-4o-2024-08-06,short,24.272989610424077,0.202348793174416,,,0.1972850950872517,0.2352175513066983
base_8_image,openai_gpt-4o-2024-08-06,medium,34.819401546356566,0.0502682382435686,,1.6792452830188689,0.32293837626217,0.2352072173798542
base_8_image,openai_gpt-4o-2024-08-06,long,50.34817376550498,0.0774695470869766,,,0.1351528158283921,0.2352175513066982
base_8_image,qwen_qwen2.5-vl-32b-instruct,short,49.164342855769114,0.4359341121215092,,,0.0762098470978483,0.2352175513066983
base_8_image,qwen_qwen2.5-vl-32b-instruct,medium,51.930338653299195,0.1502316867650292,,0.2791208791208791,0.3017995075979114,0.2352072173798542
base_8_image,qwen_qwen2.5-vl-32b-instruct,long,57.01355879634493,0.0725797550063821,,,0.3245889553549471,0.2352175513066982
base_8_image,GPT-5 Mini,short,55.478717756506235,0.1280341373523286,,,0.3499864238334673,0.2352175513066983
base_8_image,GPT-5 Mini,medium,35.30139103150293,0.0631301365785066,,0.7073170731707313,0.000420577390147,0.2352072173798542
base_8_image,GPT-5 Mini,long,48.722690041770946,0.0447353369262759,,,-0.0543213769564287,0.2352175513066982
base_8_image,microsoft_phi-4-multimodal-instruct,short,11.715496173360364,0.5343407801773788,,,-0.5298866766621844,0.2352175513066983
base_8_image,microsoft_phi-4-multimodal-instruct,medium,29.72271844225138,0.2015572451191583,,0.1247739602169982,-0.6162166477034048,0.2352072173798542
base_8_image,microsoft_phi-4-multimodal-instruct,long,42.13241347848332,0.3124266197629734,,,-0.5074177786948281,0.2352175513066982
base_8_image,mistralai_mistral-small-3.2-24b-instruct,short,22.608077586953996,0.5037570461919278,,,0.5432755484045467,0.2352175513066983
base_8_image,mistralai_mistral-small-3.2-24b-instruct,medium,32.68973561961531,0.4279888092477598,,0.5654101995565408,0.682169019482553,0.2352072173798542
base_8_image,mistralai_mistral-small-3.2-24b-instruct,long,35.9710815589483,0.2929878032283905,,,0.7193416428450127,0.2352175513066982
base_8_image,anthropic_claude-3.7-sonnet,short,43.31560290098554,0.2111514590861355,,,0.441053739090021,0.2352175513066983
base_8_image,anthropic_claude-3.7-sonnet,medium,44.69153474672092,0.111070984163179,,-0.5448275862068968,0.0815135816730438,0.2352072173798542
base_8_image,anthropic_claude-3.7-sonnet,long,15.504753381784331,0.0519675447492693,,,-0.110096332908749,0.2352175513066982
base_8_image,gemma-3-4b-it,short,28.9742664914705,0.1221014648930408,,,-0.9486832980505138,0.2352175513066983
base_8_image,gemma-3-4b-it,medium,23.42806667524643,0.1504693519529445,,5.66666666666679,-0.6330162728117611,0.2352072173798542
base_8_image,gemma-3-4b-it,long,-3.4918372247202916,0.2299057241411269,,,-0.4444604420509922,0.2352175513066982
base_1_text,google_gemini-2.5-flash-lite,short,43.15901072304469,0.1196202410838023,,,0.3558952612451779,0.2352175513066983
base_1_text,google_gemini-2.5-flash-lite,medium,44.16629078452299,0.0793117703770896,,-2.7406749555950265,0.4407249090136696,0.2352072173798542
base_1_text,google_gemini-2.5-flash-lite,long,52.25213503186482,0.0699818980734231,,,0.2564695499513602,0.2352175513066983
base_1_text,meta-llama_llama-4-maverick,short,,0.0931915898431612,,,0.2514691138934537,0.2764154547860064
base_1_text,meta-llama_llama-4-maverick,medium,33.75371627891712,0.0967152545201645,,-1.974358974358973,0.3371450991498513,0.2352072173798542
base_1_text,meta-llama_llama-4-maverick,long,,0.0653859322441666,,,0.2490928948769464,0.2985338633218581
base_1_text,openai_gpt-4o-2024-08-06,short,42.117001767259,0.1865665506607782,,,0.454603687819279,0.2352175513066983
base_1_text,openai_gpt-4o-2024-08-06,medium,42.265655262409865,0.0982944025516753,,-0.7692307692307689,0.4446013431711191,0.2352072173798542
base_1_text,openai_gpt-4o-2024-08-06,long,40.53455833581611,0.0718434672305383,,,0.1867195966061904,0.2352175513066983
base_1_text,qwen_qwen2.5-vl-32b-instruct,short,24.160747198326483,0.1083588127265609,,,0.4351199348949685,0.2352175513066983
base_1_text,qwen_qwen2.5-vl-32b-instruct,medium,38.21717296486031,0.0713400497183553,,-0.4827586206896547,0.4457056079184801,0.2352072173798542
base_1_text,qwen_qwen2.5-vl-32b-instruct,long,35.965375340038946,0.0562052760532363,,,0.422033575377606,0.2352175513066983
base_1_text,GPT-5 Mini,short,44.168673133522226,0.0615493359304822,,,0.1729391443950319,0.2352175513066983
base_1_text,GPT-5 Mini,medium,44.486427628278875,0.0293992226091042,,-1.8098727615583456,0.3049568808589442,0.2352072173798542
base_1_text,GPT-5 Mini,long,45.06418937440937,0.0137622064970851,,,0.2333834087554521,0.2352175513066983
base_1_text,microsoft_phi-4-multimodal-instruct,short,38.39959314983972,0.1491337237198281,,,0.2304662910587193,0.2352175513066983
base_1_text,microsoft_phi-4-multimodal-instruct,medium,1.258222941041608,0.0729355660551138,,8.043478260869577,-0.6406313700778337,0.2352072173798542
base_1_text,microsoft_phi-4-multimodal-instruct,long,20.82774180052772,0.1337227695937212,,,0.0512081975752168,0.2352175513066983
base_1_text,mistralai_mistral-small-3.2-24b-instruct,short,36.25412863114059,0.1673181471811598,,,0.1903242671807081,0.2352175513066983
base_1_text,mistralai_mistral-small-3.2-24b-instruct,medium,46.12514314144516,0.0924198632099633,,0.4074074074074074,0.2871291565638496,0.2352072173798542
base_1_text,mistralai_mistral-small-3.2-24b-instruct,long,47.124058833094594,0.0855382428496037,,,0.4753631438929225,0.2352175513066983
base_1_text,anthropic_claude-3.7-sonnet,short,47.46431258169935,0.0724270085529207,,,0.1801127391753228,0.2352175513066983
base_1_text,anthropic_claude-3.7-sonnet,medium,46.04567970395993,0.048167258793227,,-0.5384615384615319,0.3741471373355836,0.2352072173798542
base_1_text,anthropic_claude-3.7-sonnet,long,45.33294462589189,0.0238779762221065,,,0.3663435929101977,0.2352175513066983
base_1_text,gemma-3-4b-it,short,17.961783853267807,0.1552000201127561,,,-0.823274404691971,0.2352175513066983
base_1_text,gemma-3-4b-it,medium,21.068863759017823,0.0932943501104197,,-5.22222222222222,-0.0504472496662716,0.2352072173798542
base_1_text,gemma-3-4b-it,long,26.64224531360807,0.1011156487400058,,,-0.270721556442674,0.2352175513066983
base_1_text_image,google_gemini-2.5-flash-lite,short,35.192125221888205,0.2008223926972814,,,0.2402957631961959,0.2352175513066983
base_1_text_image,google_gemini-2.5-flash-lite,medium,29.314874465426463,0.1415173322259784,,0.367741935483871,0.7408998543160631,0.2352072173798542
base_1_text_image,google_gemini-2.5-flash-lite,long,40.31283820349553,0.071779397457597,,,0.545653106937787,0.2352175513066983
base_1_text_image,meta-llama_llama-4-maverick,short,28.25759155578707,0.1079916531254096,,,0.2880771248078743,0.2352175513066983
base_1_text_image,meta-llama_llama-4-maverick,medium,,0.0818790243102149,,-0.8437500000000006,0.5365829305300471,0.2553167230274631
base_1_text_image,meta-llama_llama-4-maverick,long,43.01154329350429,0.0610086687818443,,,0.2058643612395892,0.2352175513066983
base_1_text_image,openai_gpt-4o-2024-08-06,short,39.831363478745466,0.2018091454273332,,,0.2784855772457655,0.2352175513066983
base_1_text_image,openai_gpt-4o-2024-08-06,medium,48.87107712447106,0.0920123991693171,,-1.952380952380955,0.2616803679834927,0.2352072173798542
base_1_text_image,openai_gpt-4o-2024-08-06,long,43.1062609120453,0.0570462841925557,,,0.2064267968967645,0.2352175513066983
base_1_text_image,qwen_qwen2.5-vl-32b-instruct,short,27.25108939293062,0.1513572884936343,,,0.4212545653757612,0.2352175513066983
base_1_text_image,qwen_qwen2.5-vl-32b-instruct,medium,51.54026175572513,0.0975079345239861,,-0.4222222222222222,0.2211884081248854,0.2352072173798542
base_1_text_image,qwen_qwen2.5-vl-32b-instruct,long,49.14252710262592,0.1092158278877844,,,0.2736883722182995,0.2352175513066983
base_1_text_image,GPT-5 Mini,short,54.144093991694625,0.1315493733950428,,,0.3348544936141524,0.2352175513066983
base_1_text_image,GPT-5 Mini,medium,48.370474391077785,0.0560834274362708,,-0.2151545365786268,0.2078355709071639,0.2352072173798542
base_1_text_image,GPT-5 Mini,long,48.6973972769603,0.0419865791948694,,,0.2019373543281507,0.2352175513066983
base_1_text_image,microsoft_phi-4-multimodal-instruct,short,39.25903431057188,0.1248423312954212,,,-0.1111792814932491,0.2352175513066983
base_1_text_image,microsoft_phi-4-multimodal-instruct,medium,47.1492284288515,0.2094201835048569,,-0.703896103896104,-0.1204429537313276,0.2352072173798542
base_1_text_image,microsoft_phi-4-multimodal-instruct,long,46.064089430310766,0.1853529934279657,,,-0.0877012845481682,0.2352175513066983
base_1_text_image,mistralai_mistral-small-3.2-24b-instruct,short,28.75392859386923,0.2260633411885409,,,0.1265683558593966,0.2352175513066983
base_1_text_image,mistralai_mistral-small-3.2-24b-instruct,medium,51.32844580399658,0.1202034634534085,,0.8823529411764715,0.1304056676457165,0.2352072173798542
base_1_text_image,mistralai_mistral-small-3.2-24b-instruct,long,55.97672566576282,0.0951504222359344,,,0.519305064234095,0.2352175513066983
base_1_text_image,anthropic_claude-3.7-sonnet,short,48.21000604548156,0.0882607953669094,,,-0.0609979345459077,0.2352175513066983
base_1_text_image,anthropic_claude-3.7-sonnet,medium,48.609529730398016,0.0436572345878519,,-1.3453237410071948,0.2945898086248562,0.2352072173798542
base_1_text_image,anthropic_claude-3.7-sonnet,long,46.935204181944,0.0381912894479448,,,0.1868641078438878,0.2352175513066983
base_1_text_image,gemma-3-4b-it,short,7.269905649404882,0.1140247122082177,,,-0.5982814307791141,0.2352175513066983
base_1_text_image,gemma-3-4b-it,medium,8.873838053051799,0.0739599838225128,,-0.7235772357723574,-0.1067701091278166,0.2352072173798542
base_1_text_image,gemma-3-4b-it,long,-1.922569494052255,0.0815464154991939,,,-0.2019633714830744,0.2352175513066983
